	dataset_id	dataset_md5	train_nb_spl	train_nb_spl_stable	train_nb_spl_unstable	train_nb_spl_undetermined	train_nb_BAT25_stable	train_nb_BAT25_unstable	train_nb_BAT25_undetermined	train_nb_BAT26_stable	train_nb_BAT26_unstable	train_nb_BAT26_undetermined	train_nb_CAT25_stable	train_nb_CAT25_unstable	train_nb_CAT25_undetermined	train_nb_EWT16_stable	train_nb_EWT16_unstable	train_nb_EWT16_undetermined	train_nb_Gallon_03_stable	train_nb_Gallon_03_unstable	train_nb_Gallon_03_undetermined	train_nb_Gallon_20_stable	train_nb_Gallon_20_unstable	train_nb_Gallon_20_undetermined	train_nb_Gallon_22_stable	train_nb_Gallon_22_unstable	train_nb_Gallon_22_undetermined	train_nb_HT17_stable	train_nb_HT17_unstable	train_nb_HT17_undetermined	train_nb_Hemppelman_02_stable	train_nb_Hemppelman_02_unstable	train_nb_Hemppelman_02_undetermined	train_nb_Hemppelman_03_stable	train_nb_Hemppelman_03_unstable	train_nb_Hemppelman_03_undetermined	train_nb_Hemppelman_04_stable	train_nb_Hemppelman_04_unstable	train_nb_Hemppelman_04_undetermined	train_nb_Hemppelman_05_stable	train_nb_Hemppelman_05_unstable	train_nb_Hemppelman_05_undetermined	train_nb_Hemppelman_07_stable	train_nb_Hemppelman_07_unstable	train_nb_Hemppelman_07_undetermined	train_nb_Hemppelman_09_stable	train_nb_Hemppelman_09_unstable	train_nb_Hemppelman_09_undetermined	train_nb_Hemppelman_10_stable	train_nb_Hemppelman_10_unstable	train_nb_Hemppelman_10_undetermined	train_nb_Hemppelman_11_stable	train_nb_Hemppelman_11_unstable	train_nb_Hemppelman_11_undetermined	train_nb_NR21_stable	train_nb_NR21_unstable	train_nb_NR21_undetermined	train_nb_NR22_stable	train_nb_NR22_unstable	train_nb_NR22_undetermined	train_nb_NR24_stable	train_nb_NR24_unstable	train_nb_NR24_undetermined	train_nb_NR27_stable	train_nb_NR27_unstable	train_nb_NR27_undetermined	test_nb_spl	test_nb_spl_stable	test_nb_spl_unstable	test_nb_spl_undetermined	test_nb_BAT25_stable	test_nb_BAT25_unstable	test_nb_BAT25_undetermined	test_nb_BAT26_stable	test_nb_BAT26_unstable	test_nb_BAT26_undetermined	test_nb_CAT25_stable	test_nb_CAT25_unstable	test_nb_CAT25_undetermined	test_nb_EWT16_stable	test_nb_EWT16_unstable	test_nb_EWT16_undetermined	test_nb_Gallon_03_stable	test_nb_Gallon_03_unstable	test_nb_Gallon_03_undetermined	test_nb_Gallon_20_stable	test_nb_Gallon_20_unstable	test_nb_Gallon_20_undetermined	test_nb_Gallon_22_stable	test_nb_Gallon_22_unstable	test_nb_Gallon_22_undetermined	test_nb_HT17_stable	test_nb_HT17_unstable	test_nb_HT17_undetermined	test_nb_Hemppelman_02_stable	test_nb_Hemppelman_02_unstable	test_nb_Hemppelman_02_undetermined	test_nb_Hemppelman_03_stable	test_nb_Hemppelman_03_unstable	test_nb_Hemppelman_03_undetermined	test_nb_Hemppelman_04_stable	test_nb_Hemppelman_04_unstable	test_nb_Hemppelman_04_undetermined	test_nb_Hemppelman_05_stable	test_nb_Hemppelman_05_unstable	test_nb_Hemppelman_05_undetermined	test_nb_Hemppelman_07_stable	test_nb_Hemppelman_07_unstable	test_nb_Hemppelman_07_undetermined	test_nb_Hemppelman_09_stable	test_nb_Hemppelman_09_unstable	test_nb_Hemppelman_09_undetermined	test_nb_Hemppelman_10_stable	test_nb_Hemppelman_10_unstable	test_nb_Hemppelman_10_undetermined	test_nb_Hemppelman_11_stable	test_nb_Hemppelman_11_unstable	test_nb_Hemppelman_11_undetermined	test_nb_NR21_stable	test_nb_NR21_unstable	test_nb_NR21_undetermined	test_nb_NR22_stable	test_nb_NR22_unstable	test_nb_NR22_undetermined	test_nb_NR24_stable	test_nb_NR24_unstable	test_nb_NR24_undetermined	test_nb_NR27_stable	test_nb_NR27_unstable	test_nb_NR27_undetermined	train_samples	test_samples
0	0	331046258da303ed6553146af12c49bf	48	24	24	0	22	25	1	23	24	1	24	23	1	24	24	0	22	26	0	23	24	1	24	24	0	24	23	1	24	24	0	24	24	0	23	24	1	23	24	1	24	24	0	24	23	1	24	24	0	24	23	1	24	24	0	24	24	0	24	23	1	24	24	0	72	38	34	0	37	34	1	38	34	0	38	32	2	37	34	1	38	34	0	38	34	0	38	34	0	38	31	3	38	34	0	38	34	0	39	31	2	36	34	2	38	34	0	38	33	1	38	34	0	38	32	2	40	32	0	38	32	2	41	30	1	38	32	2	19T030885, 22T018755, 19T001349, 21T033945, 20T045798, 22T002039, 20T032100-1, 20T040943-3, 20T006607, 19T012459, 20T041382, 20T033414, 20T020309, 20T047725, 21T033785, 20T009553, 19T025210, 21T023636, 20T007640-colon, 21T033800, 20T015185, 20T019174, 20T020784, 20T006574, 19T030502, 20T005496, 20T047066, 21T048937, 20T040943-1, 20T011967, 19T056717, 21T011794, 20T048309, 20T020516, 20T014091, 21T015384, 20T033833, 22T000352, 20T046062, 19T012042, 19T033892, 21T005802, 22T008179, 20T008086, 19T043366, 21T054446, 20T018414, 21T012605	20T052564, 20T046947, 19T017024, 19T050342, 20T038340, 19T012037, 21T035686, 21T001178, 21T039775, 20T002118, 21T038239, 20T034499, 19T006039, 19T021319, 22T006567, 22T007830, 20T048225, 20T014910, 20T024782, 20T042961, 22T011382, 20T047354-2, 21T054929, 22T011583, 20T038320, 20T015946, 20T030552, 22T006085, 21T030916, 21T000073, 21T032790-3, 19T054871, 20T017247, 21T000548, 20T002971, 20T005825, 20T029274, 21T040867, 21T005998, 22T013598, 21T001658, 20T038398, 21T031758, 19T038522, 21T053082, 19T016382, 19T060517, 20T020579, 20T019015, 20T008805, 20T032100-2, 20T040943-2, 20T014645, 20T020099, 20T025294, 21T025148, 20T007640-ureter, 19T041708, 20T012085, 20T045205, 21T049346, 20T030560, 21T000609, 21T011385, 20T040582, 20T046842, 22T039782, 19T002177, 20T015552, 20T047354, 21T042696, 20T045203
0	1	52e8527b42ab0bdd0fccf4fec298f1aa	48	22	26	0	21	27	0	22	26	0	22	24	2	22	26	0	22	26	0	22	26	0	22	26	0	22	24	2	22	26	0	22	26	0	22	24	2	21	26	1	22	26	0	22	26	0	22	26	0	22	26	0	23	25	0	22	24	2	22	24	2	22	25	1	72	40	32	0	38	32	2	39	32	1	40	31	1	39	32	1	38	34	0	39	32	1	40	32	0	40	30	2	40	32	0	40	32	0	40	31	1	38	32	2	40	32	0	40	30	2	40	32	0	40	29	3	41	31	0	40	32	0	43	29	0	40	31	1	20T052564, 19T017024, 19T050342, 20T038340, 20T045798, 22T002039, 22T011382, 20T002118, 21T038239, 20T032100-1, 22T006567, 22T007830, 20T006607, 20T024782, 20T042961, 20T033414, 21T033785, 22T011583, 20T009553, 21T030916, 21T000073, 21T032790-3, 19T054871, 19T025210, 20T017247, 21T023636, 21T000548, 20T002971, 21T033800, 20T005825, 21T001658, 20T038398, 21T053082, 20T047066, 19T056717, 21T011794, 20T020516, 20T025294, 21T025148, 20T045205, 20T030560, 21T000609, 19T043366, 22T039782, 19T002177, 20T015552, 20T047354, 20T045203	19T030885, 22T018755, 19T001349, 20T046947, 21T033945, 19T012037, 21T035686, 21T001178, 21T039775, 20T034499, 19T006039, 19T021319, 20T040943-3, 20T048225, 20T014910, 19T012459, 20T041382, 20T020309, 20T047725, 20T047354-2, 21T054929, 20T038320, 20T015946, 20T030552, 22T006085, 20T007640-colon, 20T029274, 21T040867, 21T005998, 20T015185, 20T019174, 20T020784, 21T031758, 22T013598, 19T038522, 20T006574, 19T016382, 19T060517, 20T020579, 19T030502, 20T005496, 20T008805, 20T019015, 20T032100-2, 20T040943-1, 20T040943-2, 20T011967, 21T048937, 20T014645, 21T015384, 20T020099, 20T048309, 20T014091, 22T000352, 20T033833, 20T007640-ureter, 19T012042, 19T033892, 19T041708, 20T012085, 20T046062, 20T008086, 21T005802, 21T049346, 22T008179, 21T011385, 21T054446, 20T040582, 20T018414, 20T046842, 21T042696, 21T012605
0	2	b1673facacfd95c02679e86371459263	48	28	20	0	26	21	1	28	20	0	28	20	0	28	20	0	26	22	0	27	20	1	28	20	0	28	19	1	28	20	0	28	20	0	28	19	1	27	20	1	28	20	0	28	19	1	28	20	0	28	19	1	28	20	0	28	19	1	28	20	0	27	20	1	72	34	38	0	33	38	1	33	38	1	34	35	3	33	38	1	34	38	0	34	38	0	34	38	0	34	35	3	34	38	0	34	38	0	34	36	2	32	38	2	34	38	0	34	37	1	34	38	0	34	36	2	36	36	0	34	37	1	37	33	2	35	36	1	22T018755, 19T017024, 19T050342, 22T011382, 21T035686, 21T039775, 21T001178, 20T034499, 22T006567, 20T040943-3, 20T048225, 20T006607, 19T012459, 20T024782, 20T041382, 20T033414, 20T020309, 20T047725, 20T047354-2, 22T011583, 21T030916, 19T025210, 20T007640-colon, 20T002971, 20T029274, 21T033800, 21T005998, 20T019174, 20T038398, 20T020579, 20T032100-2, 20T008805, 20T040943-2, 21T015384, 20T020099, 20T014091, 20T007640-ureter, 19T012042, 19T033892, 19T041708, 21T005802, 21T049346, 20T030560, 21T011385, 20T040582, 20T046842, 20T047354, 20T045203	19T030885, 20T052564, 19T001349, 20T038340, 20T046947, 21T033945, 19T012037, 20T045798, 22T002039, 20T002118, 21T038239, 20T032100-1, 19T006039, 19T021319, 22T007830, 20T014910, 20T042961, 21T033785, 21T054929, 20T038320, 20T015946, 20T030552, 22T006085, 20T009553, 21T000073, 21T032790-3, 19T054871, 20T017247, 21T023636, 21T000548, 20T005825, 21T040867, 20T015185, 20T020784, 21T001658, 21T031758, 22T013598, 19T038522, 20T006574, 21T053082, 19T016382, 19T060517, 19T030502, 20T005496, 20T019015, 20T047066, 20T040943-1, 21T048937, 20T011967, 20T014645, 19T056717, 21T011794, 20T048309, 20T020516, 20T025294, 21T025148, 20T033833, 22T000352, 20T012085, 20T046062, 22T008179, 20T045205, 20T008086, 21T000609, 19T043366, 21T054446, 20T018414, 22T039782, 21T042696, 19T002177, 20T015552, 21T012605
0	3	b3a2dca86d7ba8ba1a80fab270512885	48	26	22	0	23	24	1	26	22	0	26	21	1	26	22	0	25	23	0	25	22	1	26	22	0	26	22	0	26	22	0	26	22	0	26	22	0	24	22	2	26	22	0	26	22	0	26	22	0	26	22	0	27	21	0	26	21	1	26	22	0	25	22	1	72	36	36	0	36	35	1	35	36	1	36	34	2	35	36	1	35	37	0	36	36	0	36	36	0	36	32	4	36	36	0	36	36	0	36	33	3	35	36	1	36	36	0	36	34	2	36	36	0	36	33	3	37	35	0	36	35	1	39	31	2	37	34	1	19T030885, 20T052564, 19T001349, 20T046947, 22T011382, 21T033945, 20T045798, 21T039775, 21T001178, 22T002039, 20T002118, 21T038239, 22T018755, 19T006039, 20T048225, 20T033414, 21T033785, 22T011583, 20T038320, 22T006085, 20T009553, 20T017247, 19T025210, 21T023636, 21T000548, 21T040867, 21T005998, 21T001658, 20T038398, 21T053082, 19T030502, 20T008805, 20T032100-2, 20T040943-2, 20T014645, 19T056717, 21T011794, 20T048309, 20T014091, 20T007640-ureter, 20T008086, 21T000609, 21T054446, 20T018414, 20T046842, 20T015552, 20T047354, 20T045203	19T017024, 19T050342, 20T038340, 19T012037, 21T035686, 20T032100-1, 20T034499, 19T021319, 20T040943-3, 22T006567, 22T007830, 20T006607, 20T014910, 19T012459, 20T024782, 20T041382, 20T042961, 20T020309, 20T047725, 20T047354-2, 21T054929, 20T015946, 20T030552, 21T030916, 21T000073, 21T032790-3, 19T054871, 20T002971, 20T007640-colon, 20T005825, 20T029274, 21T033800, 20T015185, 20T019174, 20T020784, 21T031758, 22T013598, 19T038522, 20T006574, 19T016382, 19T060517, 20T020579, 20T019015, 20T005496, 20T047066, 21T048937, 20T040943-1, 20T011967, 21T015384, 20T020099, 20T020516, 20T025294, 21T025148, 20T033833, 22T000352, 20T012085, 19T012042, 19T033892, 19T041708, 20T045205, 20T046062, 20T030560, 21T005802, 21T049346, 22T008179, 21T011385, 19T043366, 20T040582, 22T039782, 21T042696, 19T002177, 21T012605
0	4	98cf8c0262473ff77d28dfb8cf04a756	48	28	20	0	26	21	1	28	20	0	28	18	2	27	20	1	27	21	0	27	20	1	28	20	0	28	17	3	28	20	0	28	20	0	29	17	2	27	20	1	28	20	0	28	19	1	28	20	0	28	18	2	29	19	0	28	19	1	31	16	1	29	18	1	72	34	38	0	33	38	1	33	38	1	34	37	1	34	38	0	33	39	0	34	38	0	34	38	0	34	37	1	34	38	0	34	38	0	33	38	1	32	38	2	34	38	0	34	37	1	34	38	0	34	37	1	35	37	0	34	37	1	34	37	1	33	38	1	22T018755, 20T046947, 20T038340, 21T033945, 20T045798, 22T002039, 20T002118, 20T032100-1, 19T006039, 19T021319, 20T014910, 19T012459, 20T024782, 20T041382, 20T033414, 20T020309, 21T054929, 20T038320, 20T009553, 21T032790-3, 19T054871, 21T023636, 20T007640-colon, 20T002971, 21T005998, 20T015185, 22T013598, 19T038522, 20T006574, 19T060517, 20T020579, 19T030502, 20T008805, 20T019015, 20T040943-2, 20T047066, 21T015384, 20T033833, 20T007640-ureter, 19T012042, 19T041708, 20T046062, 21T049346, 20T030560, 20T046842, 20T015552, 20T047354, 20T045203	19T030885, 20T052564, 19T001349, 19T017024, 19T050342, 22T011382, 19T012037, 21T035686, 21T001178, 21T039775, 21T038239, 20T034499, 22T006567, 20T040943-3, 22T007830, 20T048225, 20T006607, 20T042961, 20T047725, 21T033785, 20T047354-2, 22T011583, 20T015946, 20T030552, 22T006085, 21T030916, 21T000073, 20T017247, 19T025210, 21T000548, 21T033800, 20T005825, 20T029274, 21T040867, 20T019174, 20T020784, 20T038398, 21T001658, 21T031758, 21T053082, 19T016382, 20T032100-2, 20T005496, 21T048937, 20T040943-1, 20T011967, 20T014645, 19T056717, 21T011794, 20T020099, 20T020516, 20T014091, 20T025294, 20T048309, 21T025148, 20T012085, 19T033892, 21T005802, 20T045205, 22T000352, 22T008179, 20T008086, 21T000609, 21T011385, 19T043366, 21T054446, 20T040582, 20T018414, 22T039782, 21T042696, 19T002177, 21T012605
0	5	06342d1580e395fb6cd6bef640cf05d1	48	23	25	0	21	25	2	22	25	1	23	24	1	23	25	0	22	26	0	22	25	1	23	25	0	23	23	2	23	25	0	23	25	0	23	24	1	22	25	1	23	25	0	23	23	2	23	25	0	23	23	2	23	25	0	23	24	1	22	25	1	22	25	1	72	39	33	0	38	34	0	39	33	0	39	31	2	38	33	1	38	34	0	39	33	0	39	33	0	39	31	2	39	33	0	39	33	0	39	31	2	37	33	2	39	33	0	39	33	0	39	33	0	39	32	1	41	31	0	39	32	1	43	28	1	40	31	1	19T030885, 20T052564, 22T018755, 20T038340, 22T011382, 21T001178, 20T002118, 21T038239, 20T006607, 19T012459, 20T033414, 20T047725, 22T011583, 20T030552, 22T006085, 21T030916, 19T025210, 21T023636, 20T002971, 21T033800, 20T029274, 20T005825, 20T020784, 20T019174, 21T053082, 20T020579, 19T030502, 20T008805, 20T032100-2, 20T040943-2, 21T048937, 20T011967, 21T015384, 20T020099, 20T048309, 20T014091, 19T041708, 21T005802, 20T045205, 22T008179, 21T000609, 21T011385, 21T054446, 20T046842, 21T042696, 19T002177, 22T039782, 21T012605	19T001349, 19T017024, 19T050342, 20T046947, 19T012037, 20T045798, 21T033945, 21T035686, 21T039775, 22T002039, 20T032100-1, 19T006039, 19T021319, 20T034499, 20T040943-3, 22T006567, 20T048225, 22T007830, 20T014910, 20T024782, 20T041382, 20T042961, 20T020309, 21T033785, 20T047354-2, 21T054929, 20T038320, 20T015946, 20T009553, 21T000073, 21T032790-3, 19T054871, 20T017247, 21T000548, 20T007640-colon, 21T040867, 21T005998, 20T015185, 21T001658, 20T038398, 21T031758, 22T013598, 19T038522, 20T006574, 19T016382, 19T060517, 20T019015, 20T005496, 20T047066, 20T040943-1, 20T014645, 19T056717, 21T011794, 20T020516, 20T025294, 21T025148, 20T033833, 22T000352, 20T007640-ureter, 19T012042, 19T033892, 20T012085, 20T046062, 21T049346, 20T008086, 20T030560, 19T043366, 20T040582, 20T018414, 20T015552, 20T047354, 20T045203
0	6	2aff340cadad416b0b2f1b11b6cda1a5	48	25	23	0	23	23	2	25	23	0	25	22	1	24	23	1	26	22	0	24	23	1	25	23	0	25	21	2	25	23	0	25	23	0	25	22	1	24	23	1	25	23	0	25	22	1	25	23	0	25	21	2	25	23	0	25	23	0	26	21	1	26	22	0	72	37	35	0	36	36	0	36	35	1	37	33	2	37	35	0	34	38	0	37	35	0	37	35	0	37	33	2	37	35	0	37	35	0	37	33	2	35	35	2	37	35	0	37	34	1	37	35	0	37	34	1	39	33	0	37	33	2	39	32	1	36	34	2	22T018755, 20T052564, 20T038340, 21T033945, 22T002039, 21T039775, 21T038239, 20T034499, 22T006567, 19T021319, 20T048225, 20T014910, 20T042961, 21T054929, 20T030552, 21T030916, 21T000073, 20T002971, 21T033800, 20T005825, 21T040867, 21T005998, 20T020784, 20T019174, 19T038522, 21T053082, 19T016382, 19T060517, 20T019015, 20T047066, 19T056717, 21T011794, 20T048309, 22T000352, 20T033833, 20T046062, 19T041708, 22T008179, 21T000609, 21T011385, 19T043366, 21T054446, 20T018414, 20T046842, 22T039782, 19T002177, 20T015552, 20T045203	19T030885, 19T001349, 19T017024, 19T050342, 20T046947, 19T012037, 20T045798, 21T001178, 21T035686, 20T002118, 22T011382, 20T032100-1, 19T006039, 20T040943-3, 22T007830, 20T006607, 19T012459, 20T024782, 20T041382, 20T033414, 20T020309, 20T047725, 20T047354-2, 21T033785, 22T011583, 20T038320, 20T015946, 22T006085, 20T009553, 21T032790-3, 19T054871, 19T025210, 20T017247, 21T023636, 21T000548, 20T007640-colon, 20T029274, 20T015185, 21T001658, 20T038398, 21T031758, 22T013598, 20T006574, 20T020579, 19T030502, 20T005496, 20T008805, 20T032100-2, 20T040943-1, 20T040943-2, 21T048937, 20T011967, 20T014645, 21T015384, 20T020099, 20T020516, 20T014091, 20T025294, 21T025148, 20T007640-ureter, 19T012042, 19T033892, 20T012085, 20T045205, 21T005802, 20T008086, 20T030560, 21T049346, 20T040582, 21T042696, 20T047354, 21T012605
0	7	2b3e872d6ffe89747fd90e0aabd5daf1	48	23	25	0	21	26	1	23	25	0	23	25	0	23	25	0	21	27	0	22	25	1	23	25	0	23	24	1	23	25	0	23	25	0	24	24	0	22	25	1	23	25	0	23	25	0	23	25	0	23	24	1	23	25	0	23	25	0	22	25	1	22	25	1	72	39	33	0	38	33	1	38	33	1	39	30	3	38	33	1	39	33	0	39	33	0	39	33	0	39	30	3	39	33	0	39	33	0	38	31	3	37	33	2	39	33	0	39	31	2	39	33	0	39	31	2	41	31	0	39	31	2	43	28	1	40	31	1	22T018755, 19T050342, 21T001178, 21T038239, 20T032100-1, 20T034499, 19T021319, 20T040943-3, 22T006567, 22T007830, 19T012459, 20T041382, 20T047725, 21T033785, 20T015946, 20T009553, 21T030916, 21T000073, 19T054871, 19T025210, 20T017247, 21T033800, 21T005998, 20T015185, 21T053082, 19T060517, 19T030502, 20T008805, 20T040943-2, 20T014645, 21T015384, 20T020099, 22T000352, 20T033833, 20T012085, 19T033892, 20T046062, 21T005802, 21T049346, 20T008086, 20T030560, 21T000609, 20T018414, 20T046842, 22T039782, 20T015552, 21T012605, 20T045203	19T030885, 20T052564, 19T001349, 19T017024, 20T038340, 20T046947, 19T012037, 20T045798, 21T033945, 21T035686, 20T002118, 21T039775, 22T002039, 19T006039, 20T048225, 20T006607, 20T014910, 20T024782, 20T042961, 20T033414, 20T020309, 22T011382, 20T047354-2, 21T054929, 22T011583, 20T038320, 20T030552, 22T006085, 21T032790-3, 21T023636, 21T000548, 20T007640-colon, 20T002971, 20T005825, 20T029274, 21T040867, 20T019174, 20T020784, 20T038398, 21T001658, 21T031758, 22T013598, 19T038522, 20T006574, 19T016382, 20T020579, 20T019015, 20T005496, 20T032100-2, 20T047066, 20T040943-1, 21T048937, 20T011967, 19T056717, 21T011794, 20T048309, 20T020516, 20T014091, 20T025294, 21T025148, 20T007640-ureter, 19T012042, 19T041708, 20T045205, 22T008179, 21T011385, 19T043366, 21T054446, 20T040582, 19T002177, 20T047354, 21T042696
0	8	8d3026be4ec603c50580d8472daa8b35	48	26	22	0	25	22	1	25	22	1	26	21	1	25	22	1	26	22	0	26	22	0	26	22	0	26	22	0	26	22	0	26	22	0	26	22	0	25	22	1	26	22	0	26	21	1	26	22	0	26	21	1	27	21	0	26	21	1	26	22	0	26	22	0	72	36	36	0	34	37	1	36	36	0	36	34	2	36	36	0	34	38	0	35	36	1	36	36	0	36	32	4	36	36	0	36	36	0	36	33	3	34	36	2	36	36	0	36	35	1	36	36	0	36	34	2	37	35	0	36	35	1	39	31	2	36	34	2	20T046947, 20T038340, 19T050342, 21T033945, 21T035686, 21T039775, 22T011382, 20T034499, 20T040943-3, 20T048225, 20T024782, 20T042961, 20T033414, 21T033785, 22T011583, 20T038320, 20T015946, 20T030552, 21T000073, 19T054871, 21T000548, 20T007640-colon, 21T040867, 20T020784, 21T001658, 20T038398, 20T006574, 19T016382, 20T019015, 20T008805, 20T047066, 20T040943-1, 20T011967, 20T014645, 20T020516, 20T014091, 21T025148, 20T007640-ureter, 19T041708, 20T046062, 20T045205, 22T008179, 20T008086, 21T000609, 19T043366, 20T018414, 20T046842, 21T012605	19T030885, 20T052564, 19T001349, 19T017024, 22T018755, 22T002039, 19T012037, 20T045798, 21T001178, 20T002118, 21T038239, 20T032100-1, 19T006039, 19T021319, 22T006567, 22T007830, 20T006607, 20T014910, 19T012459, 20T041382, 20T020309, 20T047725, 20T047354-2, 21T054929, 22T006085, 20T009553, 21T030916, 21T032790-3, 20T017247, 19T025210, 21T023636, 20T002971, 21T033800, 20T005825, 20T029274, 21T005998, 20T015185, 20T019174, 22T013598, 21T031758, 19T038522, 21T053082, 19T060517, 20T020579, 19T030502, 20T005496, 20T032100-2, 20T040943-2, 21T048937, 19T056717, 21T011794, 20T020099, 20T048309, 20T025294, 21T015384, 20T033833, 22T000352, 20T012085, 19T012042, 19T033892, 21T005802, 21T049346, 20T030560, 21T011385, 21T054446, 20T040582, 22T039782, 19T002177, 20T015552, 20T047354, 21T042696, 20T045203
0	9	96350162ae3cfb2900bf781e81cd71da	48	25	23	0	23	24	1	25	23	0	25	22	1	25	23	0	25	23	0	24	23	1	25	23	0	25	23	0	25	23	0	25	23	0	24	24	0	24	23	1	25	23	0	25	23	0	25	23	0	25	23	0	27	21	0	25	23	0	26	22	0	25	23	0	72	37	35	0	36	35	1	36	35	1	37	33	2	36	35	1	35	37	0	37	35	0	37	35	0	37	31	4	37	35	0	37	35	0	38	31	3	35	35	2	37	35	0	37	33	2	37	35	0	37	32	3	37	35	0	37	33	2	39	31	2	37	33	2	22T018755, 20T052564, 19T001349, 20T038340, 21T033945, 21T035686, 21T039775, 20T002118, 20T034499, 19T006039, 19T021319, 22T006567, 22T007830, 20T024782, 20T047725, 22T011583, 20T038320, 22T006085, 21T030916, 21T023636, 20T002971, 20T005825, 21T040867, 20T020784, 20T015185, 20T038398, 22T013598, 21T053082, 19T060517, 19T030502, 20T008805, 20T047066, 20T014645, 19T056717, 20T020099, 20T020516, 20T014091, 20T025294, 21T025148, 20T007640-ureter, 20T046062, 21T011385, 19T043366, 21T054446, 20T040582, 20T018414, 20T047354, 21T012605	19T030885, 20T046947, 19T017024, 19T050342, 22T002039, 19T012037, 20T045798, 21T001178, 22T011382, 21T038239, 20T032100-1, 20T040943-3, 20T048225, 20T006607, 20T014910, 19T012459, 20T041382, 20T042961, 20T033414, 20T020309, 21T033785, 20T047354-2, 21T054929, 20T015946, 20T030552, 20T009553, 21T000073, 21T032790-3, 19T054871, 19T025210, 20T017247, 21T000548, 20T007640-colon, 21T033800, 20T029274, 21T005998, 20T019174, 21T001658, 21T031758, 19T038522, 20T006574, 19T016382, 20T020579, 20T019015, 20T005496, 20T032100-2, 20T040943-2, 20T040943-1, 21T048937, 20T011967, 21T011794, 20T048309, 21T015384, 22T000352, 20T033833, 20T012085, 19T012042, 19T033892, 19T041708, 20T045205, 21T005802, 20T008086, 20T030560, 21T000609, 21T049346, 22T008179, 20T046842, 22T039782, 19T002177, 20T015552, 21T042696, 20T045203
0	10	8d064b8888161d2743305b0ae5454dfe	48	26	22	0	26	22	0	26	22	0	26	20	2	25	22	1	25	23	0	26	22	0	26	22	0	26	19	3	26	22	0	26	22	0	26	20	2	25	22	1	26	22	0	26	22	0	26	22	0	26	20	2	27	21	0	26	20	2	31	17	0	26	20	2	72	36	36	0	33	37	2	35	36	1	36	35	1	36	36	0	35	37	0	35	36	1	36	36	0	36	35	1	36	36	0	36	36	0	36	35	1	34	36	2	36	36	0	36	34	2	36	36	0	36	35	1	37	35	0	36	36	0	34	36	2	36	36	0	19T030885, 20T052564, 19T017024, 22T011382, 21T033945, 19T012037, 21T039775, 21T001178, 22T002039, 20T034499, 19T006039, 22T006567, 20T040943-3, 20T014910, 19T012459, 20T041382, 21T033785, 20T047354-2, 21T054929, 20T015946, 22T006085, 20T009553, 21T030916, 21T000073, 21T032790-3, 19T054871, 19T025210, 21T023636, 20T007640-colon, 21T033800, 21T040867, 20T020784, 20T015185, 21T001658, 21T031758, 19T038522, 21T053082, 19T030502, 20T019015, 21T011794, 20T020099, 20T020516, 20T025294, 19T012042, 21T005802, 20T045205, 21T054446, 20T040582	22T018755, 19T001349, 20T038340, 19T050342, 20T046947, 20T045798, 21T035686, 20T002118, 21T038239, 20T032100-1, 19T021319, 22T007830, 20T048225, 20T006607, 20T024782, 20T042961, 20T033414, 20T020309, 20T047725, 22T011583, 20T038320, 20T030552, 20T017247, 21T000548, 20T002971, 20T005825, 20T029274, 21T005998, 20T019174, 22T013598, 20T038398, 20T006574, 19T016382, 19T060517, 20T020579, 20T032100-2, 20T005496, 20T008805, 20T040943-2, 20T040943-1, 20T047066, 21T048937, 20T011967, 20T014645, 19T056717, 21T015384, 20T048309, 22T000352, 20T014091, 21T025148, 20T033833, 20T007640-ureter, 19T033892, 19T041708, 20T012085, 20T046062, 21T049346, 20T008086, 20T030560, 21T000609, 22T008179, 21T011385, 19T043366, 20T018414, 20T046842, 21T042696, 19T002177, 20T015552, 20T047354, 21T012605, 22T039782, 20T045203
0	11	2fdc375fc9ff1fb7cfbc330d598bf0ad	48	26	22	0	26	21	1	25	22	1	26	21	1	26	22	0	24	24	0	26	22	0	26	22	0	26	21	1	26	22	0	26	22	0	25	22	1	23	22	3	26	22	0	26	20	2	26	22	0	26	21	1	27	21	0	26	20	2	26	21	1	25	21	2	72	36	36	0	33	38	1	36	36	0	36	34	2	35	36	1	36	36	0	35	36	1	36	36	0	36	33	3	36	36	0	36	36	0	37	33	2	36	36	0	36	36	0	36	36	0	36	36	0	36	34	2	37	35	0	36	36	0	39	32	1	37	35	0	20T052564, 19T017024, 22T011382, 21T033945, 21T035686, 22T002039, 21T001178, 21T038239, 20T032100-1, 19T006039, 22T006567, 20T040943-3, 20T024782, 20T033414, 20T020309, 20T047354-2, 20T015946, 20T030552, 21T032790-3, 19T025210, 20T029274, 21T040867, 20T019174, 20T038398, 21T031758, 21T053082, 20T032100-2, 21T048937, 20T040943-2, 20T040943-1, 20T011967, 20T014645, 21T011794, 20T020516, 20T025294, 22T000352, 20T007640-ureter, 19T041708, 19T033892, 20T046062, 22T008179, 21T011385, 19T043366, 21T054446, 20T040582, 22T039782, 21T042696, 21T012605	19T030885, 22T018755, 19T001349, 20T038340, 19T050342, 20T046947, 19T012037, 20T045798, 21T039775, 20T002118, 20T034499, 19T021319, 22T007830, 20T048225, 20T006607, 20T014910, 19T012459, 20T041382, 20T042961, 20T047725, 21T033785, 21T054929, 22T011583, 20T038320, 22T006085, 20T009553, 21T030916, 21T000073, 19T054871, 20T017247, 21T023636, 21T000548, 20T002971, 20T007640-colon, 20T005825, 21T033800, 21T005998, 20T015185, 20T020784, 21T001658, 22T013598, 19T038522, 20T006574, 19T016382, 19T060517, 20T020579, 19T030502, 20T005496, 20T008805, 20T019015, 20T047066, 19T056717, 21T015384, 20T020099, 20T048309, 20T014091, 21T025148, 20T033833, 20T012085, 19T012042, 21T005802, 20T045205, 21T049346, 20T008086, 20T030560, 21T000609, 20T018414, 20T046842, 19T002177, 20T015552, 20T047354, 20T045203
0	12	7bce123b320a92c598052f4ff3244ec5	48	27	21	0	24	23	1	27	21	0	27	20	1	27	21	0	26	22	0	26	21	1	27	21	0	27	18	3	27	21	0	27	21	0	26	19	3	25	21	2	27	21	0	27	20	1	27	21	0	27	20	1	27	21	0	27	20	1	29	17	2	26	20	2	72	35	37	0	35	36	1	34	37	1	35	35	2	34	37	1	34	38	0	35	37	0	35	37	0	35	36	1	35	37	0	35	37	0	36	36	0	34	37	1	35	37	0	35	36	1	35	37	0	35	35	2	37	35	0	35	36	1	36	36	0	36	36	0	22T018755, 19T001349, 20T038340, 20T046947, 19T012037, 21T035686, 21T001178, 20T032100-1, 20T034499, 20T040943-3, 22T007830, 20T014910, 19T012459, 20T041382, 20T042961, 20T033414, 20T020309, 20T047354-2, 21T032790-3, 20T017247, 20T007640-colon, 20T002971, 20T005825, 21T040867, 21T005998, 20T015185, 21T053082, 19T060517, 19T030502, 21T048937, 20T040943-2, 20T040943-1, 21T015384, 20T020516, 20T014091, 21T025148, 20T007640-ureter, 19T012042, 19T033892, 20T012085, 20T045205, 21T005802, 20T018414, 22T039782, 19T002177, 20T015552, 20T047354, 21T012605	19T030885, 20T052564, 19T017024, 19T050342, 21T033945, 20T045798, 21T039775, 22T002039, 22T011382, 20T002118, 21T038239, 22T006567, 19T006039, 19T021319, 20T048225, 20T006607, 20T024782, 20T047725, 21T033785, 21T054929, 22T011583, 20T038320, 20T015946, 20T030552, 22T006085, 20T009553, 21T030916, 21T000073, 19T054871, 19T025210, 21T023636, 21T000548, 21T033800, 20T029274, 20T019174, 20T020784, 20T038398, 21T001658, 21T031758, 22T013598, 19T038522, 20T006574, 19T016382, 20T020579, 20T019015, 20T005496, 20T008805, 20T032100-2, 20T047066, 20T011967, 20T014645, 19T056717, 21T011794, 20T020099, 20T048309, 20T025294, 22T000352, 20T033833, 20T046062, 19T041708, 21T049346, 22T008179, 20T008086, 20T030560, 21T000609, 21T011385, 19T043366, 21T054446, 20T040582, 20T046842, 21T042696, 20T045203
0	13	bad76abddb25bab77d04a6759ac4f0e4	48	23	25	0	22	26	0	23	25	0	23	22	3	23	25	0	22	26	0	23	25	0	23	25	0	23	23	2	23	25	0	23	25	0	23	23	2	22	25	1	23	25	0	23	24	1	23	25	0	23	25	0	23	25	0	23	23	2	23	24	1	23	24	1	72	39	33	0	37	33	2	38	33	1	39	33	0	38	33	1	38	34	0	38	33	1	39	33	0	39	31	2	39	33	0	39	33	0	39	32	1	37	33	2	39	33	0	39	32	1	39	33	0	39	30	3	41	31	0	39	33	0	42	29	1	39	32	1	20T052564, 19T001349, 19T017024, 20T038340, 22T002039, 21T035686, 22T011382, 20T002118, 22T006567, 20T048225, 20T006607, 20T014910, 20T041382, 20T042961, 21T033785, 22T006085, 20T009553, 21T000073, 21T032790-3, 20T017247, 19T025210, 21T023636, 20T007640-colon, 20T002971, 20T029274, 21T005998, 21T001658, 19T016382, 20T032100-2, 20T005496, 20T040943-2, 21T048937, 19T056717, 21T011794, 20T020099, 21T015384, 20T014091, 21T025148, 20T007640-ureter, 19T033892, 20T012085, 21T005802, 20T008086, 21T000609, 19T043366, 22T039782, 19T002177, 21T012605	19T030885, 22T018755, 20T046947, 19T050342, 21T033945, 19T012037, 20T045798, 21T001178, 21T039775, 21T038239, 20T032100-1, 19T006039, 19T021319, 20T034499, 20T040943-3, 22T007830, 19T012459, 20T024782, 20T033414, 20T020309, 20T047725, 20T047354-2, 21T054929, 22T011583, 20T038320, 20T015946, 20T030552, 21T030916, 19T054871, 21T000548, 21T033800, 20T005825, 21T040867, 20T015185, 20T019174, 20T020784, 20T038398, 21T031758, 22T013598, 19T038522, 20T006574, 21T053082, 19T060517, 20T020579, 19T030502, 20T008805, 20T019015, 20T047066, 20T040943-1, 20T011967, 20T014645, 20T048309, 20T020516, 20T025294, 22T000352, 20T033833, 20T046062, 19T012042, 19T041708, 20T045205, 21T049346, 22T008179, 20T030560, 21T011385, 21T054446, 20T040582, 20T018414, 20T046842, 20T015552, 20T047354, 21T042696, 20T045203
0	14	9a6634ca69e735d6504fc7739b0061b0	48	27	21	0	26	21	1	27	21	0	27	21	0	27	21	0	24	24	0	27	21	0	27	21	0	27	20	1	27	21	0	27	21	0	28	20	0	24	21	3	27	21	0	27	21	0	27	21	0	27	19	2	27	21	0	27	21	0	27	20	1	27	20	1	72	35	37	0	33	38	1	34	37	1	35	34	3	34	37	1	36	36	0	34	37	1	35	37	0	35	34	3	35	37	0	35	37	0	34	35	3	35	37	0	35	37	0	35	35	2	35	37	0	35	36	1	37	35	0	35	35	2	38	33	1	35	36	1	19T001349, 19T017024, 20T046947, 22T002039, 21T001178, 20T002118, 20T032100-1, 19T006039, 19T021319, 20T040943-3, 22T006567, 22T007830, 20T006607, 20T024782, 20T033414, 20T047354-2, 22T011583, 20T030552, 22T006085, 21T000073, 19T054871, 20T029274, 20T005825, 21T040867, 21T005998, 20T019174, 20T038398, 21T031758, 19T038522, 20T006574, 20T020579, 19T030502, 20T032100-2, 20T047066, 20T020099, 22T000352, 20T014091, 21T025148, 20T033833, 21T005802, 20T045205, 22T008179, 19T043366, 21T054446, 20T040582, 20T047354, 21T042696, 20T045203	19T030885, 20T052564, 22T018755, 20T038340, 19T050342, 21T033945, 19T012037, 20T045798, 21T035686, 21T039775, 22T011382, 21T038239, 20T034499, 20T048225, 20T014910, 19T012459, 20T041382, 20T042961, 20T020309, 20T047725, 21T033785, 21T054929, 20T038320, 20T015946, 20T009553, 21T030916, 21T032790-3, 20T017247, 19T025210, 21T023636, 21T000548, 20T007640-colon, 20T002971, 21T033800, 20T015185, 20T020784, 21T001658, 22T013598, 21T053082, 19T016382, 19T060517, 20T019015, 20T005496, 20T008805, 20T040943-2, 20T040943-1, 21T048937, 20T011967, 20T014645, 19T056717, 21T011794, 20T048309, 20T020516, 20T025294, 21T015384, 20T007640-ureter, 19T012042, 19T033892, 19T041708, 20T012085, 20T046062, 20T008086, 20T030560, 21T000609, 21T049346, 21T011385, 20T018414, 20T046842, 22T039782, 19T002177, 20T015552, 21T012605
0	15	250a8800c48c9bc442da92bda377284c	48	28	20	0	28	19	1	27	20	1	28	18	2	27	20	1	27	21	0	28	20	0	28	20	0	28	18	2	28	20	0	28	20	0	28	18	2	27	20	1	28	20	0	28	19	1	28	20	0	28	18	2	28	20	0	28	18	2	31	17	0	29	18	1	72	34	38	0	31	40	1	34	38	0	34	37	1	34	38	0	33	39	0	33	38	1	34	38	0	34	36	2	34	38	0	34	38	0	34	37	1	32	38	2	34	38	0	34	37	1	34	38	0	34	37	1	36	36	0	34	38	0	34	36	2	33	38	1	20T046947, 22T011382, 22T002039, 19T012037, 20T045798, 21T035686, 21T039775, 22T006567, 20T040943-3, 20T048225, 20T006607, 20T014910, 20T024782, 20T041382, 20T042961, 20T020309, 20T015946, 20T030552, 22T006085, 20T009553, 21T000073, 21T032790-3, 20T017247, 19T025210, 21T000548, 20T015185, 20T019174, 21T001658, 19T038522, 19T016382, 20T019015, 20T005496, 20T032100-2, 20T047066, 21T048937, 20T011967, 21T015384, 22T000352, 20T007640-ureter, 19T012042, 20T012085, 21T049346, 20T008086, 19T043366, 20T040582, 20T018414, 22T039782, 20T045203	19T030885, 20T052564, 19T001349, 19T017024, 19T050342, 20T038340, 21T033945, 22T018755, 21T001178, 20T002118, 21T038239, 20T032100-1, 19T006039, 19T021319, 20T034499, 22T007830, 19T012459, 20T033414, 20T047725, 21T033785, 20T047354-2, 21T054929, 22T011583, 20T038320, 21T030916, 19T054871, 21T023636, 20T007640-colon, 20T002971, 20T005825, 20T029274, 21T033800, 21T040867, 21T005998, 20T020784, 22T013598, 20T038398, 21T031758, 20T006574, 21T053082, 19T060517, 20T020579, 19T030502, 20T008805, 20T040943-2, 20T040943-1, 20T014645, 19T056717, 21T011794, 20T020099, 20T020516, 20T014091, 20T025294, 20T033833, 20T048309, 20T046062, 19T033892, 19T041708, 20T045205, 21T005802, 21T025148, 20T030560, 21T000609, 22T008179, 21T011385, 21T054446, 20T046842, 21T042696, 19T002177, 20T015552, 20T047354, 21T012605
0	16	c25c6d55908d2738c1c3523cbd5c372f	48	25	23	0	23	24	1	25	23	0	25	23	0	24	23	1	26	22	0	25	23	0	25	23	0	25	22	1	25	23	0	25	23	0	24	22	2	25	23	0	25	23	0	25	23	0	25	23	0	25	22	1	25	23	0	25	22	1	26	21	1	25	23	0	72	37	35	0	36	35	1	36	35	1	37	32	3	37	35	0	34	38	0	36	35	1	37	35	0	37	32	3	37	35	0	37	35	0	38	33	1	34	35	3	37	35	0	37	33	2	37	35	0	37	33	2	39	33	0	37	34	1	39	32	1	37	33	2	19T001349, 22T011382, 19T050342, 22T002039, 21T035686, 21T039775, 20T002118, 21T038239, 22T006567, 20T040943-3, 22T007830, 20T048225, 20T014910, 20T041382, 21T033785, 21T054929, 20T015946, 20T030552, 20T009553, 21T030916, 20T017247, 20T007640-colon, 20T005825, 20T019174, 20T020784, 21T001658, 19T060517, 20T020579, 19T030502, 20T005496, 20T008805, 20T019015, 20T040943-1, 20T040943-2, 20T047066, 21T015384, 20T048309, 20T020516, 20T014091, 20T033833, 20T046062, 19T012042, 21T011385, 19T043366, 19T002177, 20T015552, 21T012605, 20T045203	19T030885, 20T052564, 20T046947, 19T017024, 20T038340, 21T033945, 19T012037, 20T045798, 21T001178, 22T018755, 20T032100-1, 19T006039, 19T021319, 20T034499, 20T006607, 19T012459, 20T024782, 20T042961, 20T033414, 20T020309, 20T047725, 20T047354-2, 22T011583, 20T038320, 22T006085, 21T000073, 21T032790-3, 19T054871, 19T025210, 21T023636, 21T000548, 20T002971, 21T033800, 20T029274, 21T040867, 21T005998, 20T015185, 22T013598, 20T038398, 21T031758, 19T038522, 20T006574, 21T053082, 19T016382, 20T032100-2, 21T048937, 20T011967, 20T014645, 19T056717, 21T011794, 20T020099, 22T000352, 20T025294, 21T025148, 20T007640-ureter, 19T033892, 19T041708, 20T012085, 20T045205, 21T005802, 20T008086, 20T030560, 21T000609, 21T049346, 22T008179, 21T054446, 20T040582, 20T018414, 20T046842, 22T039782, 20T047354, 21T042696
0	17	a8552912307c5e0f45e20ed7596893e1	48	25	23	0	23	24	1	24	23	1	25	20	3	25	23	0	24	24	0	25	23	0	25	23	0	25	22	1	25	23	0	25	23	0	25	22	1	24	23	1	25	23	0	25	22	1	25	23	0	25	22	1	27	21	0	25	21	2	27	20	1	25	22	1	72	37	35	0	36	35	1	37	35	0	37	35	0	36	35	1	36	36	0	36	35	1	37	35	0	37	32	3	37	35	0	37	35	0	37	33	2	35	35	2	37	35	0	37	34	1	37	35	0	37	33	2	37	35	0	37	35	0	38	33	1	37	34	1	20T046947, 20T038340, 22T011382, 21T033945, 19T012037, 21T035686, 20T002118, 20T032100-1, 19T006039, 19T021319, 20T034499, 20T047725, 21T033785, 20T038320, 20T015946, 20T030552, 22T006085, 21T030916, 21T000073, 21T032790-3, 19T054871, 21T023636, 20T007640-colon, 20T002971, 20T005825, 20T020784, 21T001658, 20T006574, 21T053082, 19T016382, 20T008805, 20T040943-1, 20T011967, 19T056717, 20T020516, 20T014091, 20T025294, 20T046062, 19T033892, 19T041708, 20T045205, 19T043366, 20T040582, 20T018414, 20T046842, 21T042696, 20T015552, 21T012605	19T030885, 20T052564, 19T001349, 19T017024, 19T050342, 22T002039, 20T045798, 21T039775, 21T001178, 22T018755, 21T038239, 22T006567, 20T040943-3, 22T007830, 20T048225, 20T006607, 20T014910, 19T012459, 20T024782, 20T041382, 20T033414, 20T020309, 20T042961, 20T047354-2, 21T054929, 22T011583, 20T009553, 20T017247, 19T025210, 21T000548, 21T033800, 20T029274, 21T040867, 21T005998, 20T015185, 20T019174, 20T038398, 21T031758, 22T013598, 19T038522, 19T060517, 20T020579, 19T030502, 20T005496, 20T019015, 20T032100-2, 20T040943-2, 20T047066, 21T048937, 20T014645, 21T011794, 20T020099, 20T048309, 21T015384, 21T025148, 20T033833, 22T000352, 20T007640-ureter, 19T012042, 20T012085, 21T005802, 21T049346, 22T008179, 20T008086, 20T030560, 21T000609, 21T011385, 21T054446, 22T039782, 19T002177, 20T047354, 20T045203
0	18	0e261fa61db432f2397d10e13e0f19fb	48	19	29	0	17	29	2	18	29	1	19	27	2	18	29	1	18	30	0	18	29	1	19	29	0	19	26	3	19	29	0	19	29	0	20	26	2	18	29	1	19	29	0	19	28	1	19	29	0	19	27	2	21	27	0	19	28	1	20	27	1	19	27	2	72	43	29	0	42	30	0	43	29	0	43	28	1	43	29	0	42	30	0	43	29	0	43	29	0	43	28	1	43	29	0	43	29	0	42	29	1	41	29	2	43	29	0	43	28	1	43	29	0	43	28	1	43	29	0	43	28	1	45	26	1	43	29	0	22T018755, 19T017024, 19T050342, 21T035686, 21T001178, 21T038239, 22T006567, 20T048225, 20T042961, 20T033414, 20T020309, 21T033785, 20T038320, 20T015946, 20T030552, 21T000073, 21T032790-3, 19T054871, 19T025210, 20T017247, 20T007640-colon, 20T002971, 20T005825, 20T029274, 22T013598, 20T038398, 19T038522, 19T016382, 19T060517, 20T020579, 20T019015, 20T008805, 20T032100-2, 21T048937, 20T011967, 20T048309, 22T000352, 20T025294, 21T025148, 21T005802, 22T008179, 20T008086, 20T030560, 19T043366, 22T039782, 19T002177, 20T015552, 21T042696	19T030885, 20T052564, 19T001349, 20T038340, 20T046947, 21T033945, 19T012037, 20T045798, 21T039775, 22T002039, 20T002118, 22T011382, 20T032100-1, 19T006039, 19T021319, 20T034499, 20T040943-3, 22T007830, 20T006607, 20T014910, 19T012459, 20T024782, 20T041382, 20T047725, 20T047354-2, 21T054929, 22T011583, 22T006085, 20T009553, 21T030916, 21T023636, 21T000548, 21T033800, 21T040867, 21T005998, 20T015185, 20T019174, 20T020784, 21T001658, 21T031758, 20T006574, 21T053082, 19T030502, 20T005496, 20T040943-2, 20T047066, 20T040943-1, 20T014645, 19T056717, 21T011794, 20T020099, 20T020516, 20T014091, 21T015384, 20T033833, 20T007640-ureter, 19T012042, 19T033892, 19T041708, 20T012085, 20T045205, 20T046062, 21T000609, 21T049346, 21T011385, 21T054446, 20T040582, 20T018414, 20T046842, 20T047354, 21T012605, 20T045203
0	19	8750d2077b307314d06fc714a746b47f	48	21	27	0	19	28	1	21	27	0	21	26	1	21	27	0	21	27	0	21	27	0	21	27	0	21	24	3	21	27	0	21	27	0	21	25	2	20	27	1	21	27	0	21	27	0	21	27	0	21	24	3	22	26	0	21	26	1	25	23	0	22	25	1	72	41	31	0	40	31	1	40	31	1	41	29	2	40	31	1	39	33	0	40	31	1	41	31	0	41	30	1	41	31	0	41	31	0	41	30	1	39	31	2	41	31	0	41	29	2	41	31	0	41	31	0	42	30	0	41	30	1	40	30	2	40	31	1	19T030885, 20T046947, 19T017024, 19T050342, 19T012037, 20T034499, 22T006567, 20T040943-3, 22T007830, 20T048225, 19T012459, 20T041382, 20T042961, 20T047354-2, 20T038320, 20T030552, 20T009553, 21T030916, 21T000073, 21T032790-3, 20T017247, 21T000548, 20T007640-colon, 21T033800, 20T029274, 21T040867, 21T005998, 20T019174, 20T038398, 19T038522, 19T060517, 20T005496, 20T008805, 20T040943-2, 20T040943-1, 20T048309, 22T000352, 20T014091, 20T007640-ureter, 19T012042, 20T046062, 22T008179, 20T008086, 20T030560, 19T043366, 20T040582, 20T015552, 21T012605	22T018755, 20T052564, 19T001349, 20T038340, 22T011382, 21T033945, 20T045798, 21T035686, 21T001178, 21T039775, 20T002118, 21T038239, 20T032100-1, 19T006039, 19T021319, 20T006607, 20T014910, 20T024782, 20T033414, 20T020309, 20T047725, 21T033785, 21T054929, 22T002039, 22T011583, 20T015946, 22T006085, 19T054871, 19T025210, 21T023636, 20T002971, 20T005825, 20T015185, 20T020784, 21T001658, 21T031758, 22T013598, 20T006574, 21T053082, 19T016382, 20T020579, 19T030502, 20T019015, 20T032100-2, 20T047066, 21T048937, 20T011967, 20T014645, 19T056717, 21T011794, 20T020099, 20T020516, 20T025294, 21T015384, 20T033833, 21T025148, 20T012085, 19T033892, 19T041708, 20T045205, 21T005802, 21T049346, 21T000609, 21T011385, 21T054446, 20T018414, 20T046842, 22T039782, 19T002177, 20T047354, 21T042696, 20T045203
0	20	01cd69e4d209b77892c953d0b88017e4	48	21	27	0	20	28	0	21	27	0	21	25	2	21	27	0	20	28	0	21	27	0	21	27	0	21	26	1	21	27	0	21	27	0	20	27	1	20	27	1	21	27	0	21	26	1	21	27	0	21	27	0	23	25	0	21	26	1	22	25	1	21	26	1	72	41	31	0	39	31	2	40	31	1	41	30	1	40	31	1	40	32	0	40	31	1	41	31	0	41	28	3	41	31	0	41	31	0	42	28	2	39	31	2	41	31	0	41	30	1	41	31	0	41	28	3	41	31	0	41	30	1	43	28	1	41	30	1	19T001349, 19T012037, 21T035686, 21T039775, 20T032100-1, 19T021319, 20T033414, 22T011583, 20T038320, 20T015946, 22T006085, 21T032790-3, 20T017247, 19T025210, 20T007640-colon, 20T005825, 20T029274, 21T005998, 20T020784, 21T001658, 20T038398, 21T031758, 22T013598, 20T006574, 19T016382, 19T060517, 19T030502, 21T048937, 20T040943-1, 19T056717, 21T011794, 20T020099, 20T020516, 20T014091, 20T025294, 20T048309, 21T015384, 20T007640-ureter, 19T033892, 20T046062, 22T008179, 20T008086, 20T030560, 21T000609, 20T018414, 22T039782, 20T047354, 21T012605	19T030885, 20T052564, 20T046947, 19T017024, 19T050342, 20T038340, 20T045798, 21T033945, 21T001178, 22T002039, 20T002118, 21T038239, 20T034499, 19T006039, 22T006567, 20T040943-3, 22T018755, 22T007830, 20T048225, 20T006607, 20T014910, 19T012459, 20T024782, 20T041382, 20T042961, 20T020309, 20T047725, 20T047354-2, 21T033785, 21T054929, 22T011382, 20T030552, 20T009553, 21T030916, 21T000073, 19T054871, 21T023636, 21T000548, 20T002971, 21T033800, 21T040867, 20T015185, 20T019174, 19T038522, 21T053082, 20T020579, 20T019015, 20T005496, 20T008805, 20T032100-2, 20T040943-2, 20T047066, 20T011967, 20T014645, 22T000352, 21T025148, 20T033833, 20T012085, 19T012042, 19T041708, 20T045205, 21T005802, 21T049346, 21T011385, 19T043366, 21T054446, 20T040582, 20T046842, 19T002177, 20T015552, 21T042696, 20T045203
0	21	75d2a1616416e2356850493efce3a0b5	48	24	24	0	23	24	1	24	24	0	24	24	0	23	24	1	22	26	0	23	24	1	24	24	0	24	24	0	24	24	0	24	24	0	23	25	0	22	24	2	24	24	0	24	23	1	24	24	0	24	24	0	24	24	0	24	23	1	23	24	1	24	24	0	72	38	34	0	36	35	1	37	34	1	38	31	3	38	34	0	38	34	0	38	34	0	38	34	0	38	30	4	38	34	0	38	34	0	39	30	3	37	34	1	38	34	0	38	33	1	38	34	0	38	31	3	40	32	0	38	33	1	42	29	1	38	32	2	22T018755, 20T052564, 19T001349, 19T017024, 22T011382, 21T033945, 22T002039, 21T039775, 21T038239, 20T032100-1, 19T006039, 20T040943-3, 22T007830, 20T006607, 20T024782, 20T041382, 20T042961, 21T033785, 22T011583, 20T015946, 22T006085, 21T000073, 20T029274, 20T005825, 21T005998, 20T020784, 21T001658, 21T053082, 20T020579, 20T019015, 20T008805, 20T032100-2, 19T056717, 21T015384, 20T020099, 20T020516, 22T000352, 20T033833, 20T012085, 19T041708, 20T046062, 21T049346, 20T008086, 20T030560, 20T018414, 20T046842, 20T047354, 21T012605	19T030885, 20T046947, 20T038340, 19T050342, 19T012037, 20T045798, 21T001178, 21T035686, 20T002118, 20T034499, 22T006567, 19T021319, 20T048225, 20T014910, 19T012459, 20T033414, 20T020309, 20T047725, 20T047354-2, 21T054929, 20T038320, 20T030552, 20T009553, 21T030916, 21T032790-3, 19T054871, 19T025210, 20T017247, 21T023636, 21T000548, 20T002971, 20T007640-colon, 21T033800, 21T040867, 20T015185, 20T019174, 20T038398, 21T031758, 22T013598, 19T038522, 20T006574, 19T016382, 19T060517, 19T030502, 20T005496, 20T040943-2, 20T047066, 20T040943-1, 21T048937, 20T011967, 20T014645, 21T011794, 20T048309, 20T014091, 20T025294, 21T025148, 20T007640-ureter, 19T012042, 19T033892, 20T045205, 21T005802, 22T008179, 21T000609, 21T011385, 19T043366, 21T054446, 20T040582, 22T039782, 19T002177, 20T015552, 21T042696, 20T045203
0	22	12187ff597d735d0f1e264070f75e889	48	24	24	0	23	24	1	24	24	0	24	24	0	23	24	1	22	26	0	23	24	1	24	24	0	24	22	2	24	24	0	24	24	0	24	24	0	21	24	3	24	24	0	24	24	0	24	24	0	24	22	2	24	24	0	24	24	0	24	23	1	25	23	0	72	38	34	0	36	35	1	37	34	1	38	31	3	38	34	0	38	34	0	38	34	0	38	34	0	38	32	2	38	34	0	38	34	0	38	31	3	38	34	0	38	34	0	38	32	2	38	34	0	38	33	1	40	32	0	38	32	2	41	30	1	37	33	2	19T030885, 20T052564, 20T046947, 22T018755, 21T033945, 19T012037, 20T045798, 21T038239, 20T032100-1, 20T006607, 20T014910, 19T012459, 20T041382, 20T033414, 20T047354-2, 21T054929, 20T015946, 21T030916, 19T054871, 20T007640-colon, 20T002971, 21T033800, 21T040867, 20T015185, 22T013598, 20T038398, 19T038522, 21T053082, 20T019015, 20T005496, 20T008805, 20T032100-2, 20T040943-1, 20T014645, 19T056717, 20T020516, 22T000352, 21T025148, 20T033833, 20T012085, 19T033892, 20T046062, 21T049346, 20T030560, 19T043366, 20T040582, 20T018414, 20T045203	19T001349, 19T017024, 19T050342, 20T038340, 21T035686, 21T039775, 21T001178, 22T002039, 20T002118, 22T011382, 20T034499, 19T006039, 19T021319, 20T040943-3, 22T006567, 22T007830, 20T048225, 20T024782, 20T042961, 20T020309, 20T047725, 21T033785, 22T011583, 20T038320, 20T030552, 22T006085, 20T009553, 21T000073, 21T032790-3, 20T017247, 19T025210, 21T023636, 21T000548, 20T005825, 20T029274, 21T005998, 20T019174, 20T020784, 21T001658, 21T031758, 20T006574, 19T016382, 19T060517, 20T020579, 19T030502, 21T048937, 20T040943-2, 20T047066, 20T011967, 21T011794, 20T020099, 20T048309, 20T014091, 20T025294, 21T015384, 20T007640-ureter, 19T012042, 19T041708, 20T045205, 21T005802, 22T008179, 20T008086, 21T000609, 21T011385, 21T054446, 20T046842, 21T042696, 19T002177, 20T015552, 20T047354, 21T012605, 22T039782
0	23	fbd75632cf975ec79b66d438c485e318	48	29	19	0	27	21	0	28	19	1	29	19	0	29	19	0	27	21	0	29	19	0	29	19	0	29	17	2	29	19	0	29	19	0	30	18	0	26	19	3	29	19	0	29	18	1	29	19	0	29	17	2	30	18	0	29	18	1	28	19	1	30	18	0	72	33	39	0	32	38	2	33	39	0	33	36	3	32	39	1	33	39	0	32	39	1	33	39	0	33	37	2	33	39	0	33	39	0	32	37	3	33	39	0	33	39	0	33	38	1	33	39	0	33	38	1	34	38	0	33	38	1	37	34	1	32	38	2	20T052564, 20T046947, 20T038340, 19T050342, 22T011382, 20T045798, 21T035686, 20T032100-1, 22T006567, 19T012459, 20T024782, 20T041382, 20T020309, 20T047354-2, 20T038320, 22T006085, 20T009553, 21T030916, 21T000073, 19T054871, 20T017247, 20T005825, 20T029274, 21T040867, 21T005998, 19T038522, 19T060517, 20T020579, 19T030502, 20T032100-2, 20T047066, 20T011967, 20T014645, 21T015384, 20T014091, 20T033833, 20T007640-ureter, 19T041708, 20T012085, 20T045205, 20T046062, 21T049346, 20T030560, 21T000609, 20T040582, 20T015552, 21T012605, 20T045203	19T030885, 22T018755, 19T001349, 19T017024, 21T033945, 19T012037, 21T039775, 21T001178, 22T002039, 20T002118, 21T038239, 20T034499, 19T006039, 19T021319, 20T040943-3, 22T007830, 20T048225, 20T006607, 20T014910, 20T042961, 20T033414, 20T047725, 21T033785, 21T054929, 22T011583, 20T015946, 20T030552, 21T032790-3, 19T025210, 21T023636, 21T000548, 20T007640-colon, 20T002971, 21T033800, 20T015185, 20T019174, 20T020784, 20T038398, 21T001658, 21T031758, 22T013598, 20T006574, 21T053082, 19T016382, 20T019015, 20T005496, 20T008805, 20T040943-2, 20T040943-1, 21T048937, 19T056717, 21T011794, 20T020099, 20T020516, 20T025294, 20T048309, 21T025148, 22T000352, 19T012042, 19T033892, 21T005802, 22T008179, 20T008086, 21T011385, 19T043366, 21T054446, 20T018414, 20T046842, 22T039782, 19T002177, 20T047354, 21T042696
0	24	9ff08aa20abe7b2aa7957158ba6436b1	48	25	23	0	23	24	1	24	23	1	25	21	2	25	23	0	25	23	0	25	23	0	25	23	0	25	20	3	25	23	0	25	23	0	25	21	2	24	23	1	25	23	0	25	22	1	25	23	0	25	21	2	26	22	0	25	22	1	26	20	2	26	21	1	72	37	35	0	36	35	1	37	35	0	37	34	1	36	35	1	35	37	0	36	35	1	37	35	0	37	34	1	37	35	0	37	35	0	37	34	1	35	35	2	37	35	0	37	34	1	37	35	0	37	34	1	38	34	0	37	34	1	39	33	0	36	35	1	19T030885, 20T052564, 19T001349, 19T017024, 20T046947, 22T002039, 21T038239, 20T032100-1, 22T006567, 22T007830, 20T041382, 20T033414, 20T047725, 21T033785, 20T038320, 20T030552, 22T006085, 21T000073, 21T032790-3, 20T017247, 20T007640-colon, 20T019174, 22T013598, 19T038522, 20T006574, 21T053082, 19T016382, 19T030502, 20T005496, 21T048937, 20T011967, 21T011794, 20T020099, 20T048309, 20T014091, 21T015384, 20T007640-ureter, 19T033892, 20T030560, 21T011385, 21T054446, 20T040582, 20T018414, 20T046842, 19T002177, 20T015552, 21T012605, 20T045203	22T018755, 20T038340, 19T050342, 21T033945, 19T012037, 20T045798, 21T001178, 21T035686, 20T002118, 21T039775, 20T034499, 19T006039, 19T021319, 20T040943-3, 20T048225, 20T006607, 20T014910, 19T012459, 20T024782, 20T042961, 22T011382, 20T020309, 20T047354-2, 21T054929, 22T011583, 20T015946, 20T009553, 21T030916, 19T054871, 19T025210, 21T023636, 21T000548, 20T002971, 21T033800, 20T005825, 20T029274, 21T040867, 21T005998, 20T015185, 20T020784, 20T038398, 21T001658, 21T031758, 19T060517, 20T020579, 20T019015, 20T008805, 20T032100-2, 20T040943-2, 20T040943-1, 20T047066, 20T014645, 19T056717, 20T020516, 20T025294, 21T025148, 20T033833, 22T000352, 20T012085, 19T012042, 19T041708, 20T045205, 20T046062, 21T005802, 20T008086, 21T000609, 21T049346, 22T008179, 19T043366, 22T039782, 20T047354, 21T042696
0	25	c67a23b0db97db14691a38ea8dcb2a5e	48	24	24	0	23	24	1	24	24	0	24	23	1	24	24	0	21	27	0	24	24	0	24	24	0	24	23	1	24	24	0	24	24	0	24	24	0	21	24	3	24	24	0	24	24	0	24	24	0	24	22	2	25	23	0	24	23	1	23	24	1	23	24	1	72	38	34	0	36	35	1	37	34	1	38	32	2	37	34	1	39	33	0	37	34	1	38	34	0	38	31	3	38	34	0	38	34	0	38	31	3	38	34	0	38	34	0	38	32	2	38	34	0	38	33	1	39	33	0	38	33	1	42	29	1	39	32	1	19T001349, 19T017024, 20T038340, 20T046947, 19T012037, 21T033945, 21T001178, 21T035686, 22T011382, 21T038239, 20T032100-1, 19T021319, 22T007830, 20T048225, 20T014910, 19T012459, 20T041382, 20T033414, 20T020309, 20T047725, 20T047354-2, 21T033785, 21T054929, 20T038320, 20T030552, 20T009553, 21T030916, 19T054871, 21T023636, 20T007640-colon, 21T040867, 20T006574, 21T053082, 19T030502, 20T005496, 20T008805, 20T032100-2, 20T040943-2, 20T020099, 20T020516, 20T014091, 20T048309, 22T000352, 19T033892, 21T005802, 20T008086, 20T030560, 20T040582	19T030885, 20T052564, 22T018755, 19T050342, 22T002039, 20T045798, 21T039775, 20T002118, 20T034499, 19T006039, 22T006567, 20T040943-3, 20T006607, 20T024782, 20T042961, 22T011583, 20T015946, 22T006085, 21T000073, 21T032790-3, 20T017247, 19T025210, 21T000548, 20T002971, 21T033800, 20T005825, 20T029274, 21T005998, 20T015185, 20T019174, 20T020784, 20T038398, 21T001658, 21T031758, 19T038522, 22T013598, 19T016382, 19T060517, 20T020579, 20T019015, 21T048937, 20T047066, 20T040943-1, 20T011967, 20T014645, 19T056717, 21T011794, 21T015384, 20T025294, 21T025148, 20T033833, 20T007640-ureter, 19T012042, 19T041708, 20T012085, 20T045205, 20T046062, 21T049346, 21T000609, 22T008179, 21T011385, 19T043366, 21T054446, 20T018414, 20T046842, 21T042696, 19T002177, 20T015552, 20T047354, 21T012605, 22T039782, 20T045203
0	26	ca396df99779f0787ecb564a66164301	48	26	22	0	24	22	2	26	22	0	26	21	1	26	22	0	24	24	0	25	22	1	26	22	0	26	20	2	26	22	0	26	22	0	27	20	1	24	22	2	26	22	0	26	21	1	26	22	0	26	20	2	26	22	0	26	21	1	26	21	1	27	20	1	72	36	36	0	35	37	0	35	36	1	36	34	2	35	36	1	36	36	0	36	36	0	36	36	0	36	34	2	36	36	0	36	36	0	35	35	2	35	36	1	36	36	0	36	35	1	36	36	0	36	35	1	38	34	0	36	35	1	39	32	1	35	36	1	22T018755, 20T046947, 19T050342, 21T033945, 22T002039, 21T038239, 20T032100-1, 20T034499, 20T040943-3, 20T048225, 20T014910, 20T024782, 20T041382, 20T033414, 20T020309, 20T042961, 21T033785, 22T011583, 20T015946, 20T030552, 20T009553, 21T032790-3, 19T054871, 19T025210, 20T029274, 21T005998, 20T019174, 20T015185, 22T013598, 21T031758, 19T038522, 20T032100-2, 20T005496, 20T047066, 20T014645, 21T011794, 20T048309, 20T046062, 19T041708, 21T049346, 22T008179, 20T008086, 20T030560, 21T011385, 20T040582, 20T018414, 20T015552, 21T012605	19T030885, 20T052564, 19T001349, 19T017024, 20T038340, 22T011382, 19T012037, 20T045798, 21T001178, 21T035686, 20T002118, 21T039775, 22T006567, 19T006039, 19T021319, 22T000352, 22T007830, 20T006607, 19T012459, 20T047725, 20T047354-2, 21T054929, 20T038320, 22T006085, 21T030916, 21T000073, 20T017247, 21T023636, 21T000548, 20T002971, 20T007640-colon, 20T005825, 21T033800, 21T040867, 20T020784, 21T001658, 20T038398, 20T006574, 21T053082, 19T016382, 19T060517, 20T020579, 19T030502, 20T008805, 20T019015, 20T040943-2, 20T040943-1, 21T048937, 20T011967, 19T056717, 21T015384, 20T020099, 20T020516, 20T014091, 20T025294, 20T033833, 21T025148, 20T007640-ureter, 19T012042, 19T033892, 20T012085, 20T045205, 21T005802, 21T000609, 19T043366, 21T054446, 20T046842, 22T039782, 19T002177, 20T047354, 21T042696, 20T045203
0	27	157fbac6df2dfdb531f93b021cf93778	48	26	22	0	24	23	1	25	22	1	26	20	2	26	22	0	24	24	0	25	22	1	26	22	0	26	21	1	26	22	0	26	22	0	27	19	2	24	22	2	26	22	0	26	20	2	26	22	0	26	22	0	27	21	0	26	22	0	25	21	2	26	22	0	72	36	36	0	35	36	1	36	36	0	36	35	1	35	36	1	36	36	0	36	36	0	36	36	0	36	33	3	36	36	0	36	36	0	35	36	1	35	36	1	36	36	0	36	36	0	36	36	0	36	33	3	37	35	0	36	34	2	40	32	0	36	34	2	19T030885, 22T018755, 19T001349, 22T002039, 20T045798, 20T002118, 21T038239, 20T032100-1, 20T034499, 20T040943-3, 22T007830, 20T024782, 20T041382, 21T054929, 20T009553, 19T054871, 19T025210, 21T023636, 20T007640-colon, 20T005825, 20T015185, 20T019174, 21T001658, 21T031758, 22T013598, 19T016382, 19T060517, 20T032100-2, 21T048937, 20T047066, 20T011967, 21T011794, 20T020099, 20T014091, 20T025294, 20T033833, 19T012042, 19T033892, 19T041708, 20T045205, 21T005802, 20T008086, 19T043366, 21T054446, 19T002177, 20T047354, 21T012605, 20T045203	20T052564, 20T046947, 19T017024, 19T050342, 20T038340, 19T012037, 21T033945, 21T001178, 21T035686, 21T039775, 22T011382, 22T006567, 19T006039, 19T021319, 20T048225, 20T006607, 20T014910, 19T012459, 20T042961, 20T033414, 20T020309, 20T047725, 20T047354-2, 21T033785, 22T011583, 20T038320, 20T015946, 20T030552, 22T006085, 21T030916, 21T000073, 21T032790-3, 20T017247, 21T000548, 20T002971, 21T033800, 20T029274, 21T040867, 21T005998, 20T020784, 20T038398, 19T038522, 20T006574, 21T053082, 20T020579, 19T030502, 20T005496, 20T008805, 20T019015, 20T040943-1, 20T040943-2, 20T014645, 19T056717, 21T015384, 20T048309, 20T020516, 22T000352, 21T025148, 20T007640-ureter, 20T012085, 20T046062, 21T049346, 22T008179, 20T030560, 21T000609, 21T011385, 20T040582, 20T018414, 20T046842, 22T039782, 20T015552, 21T042696
0	28	9af9b8e199df85283f6b0953f7137efb	48	19	29	0	19	28	1	18	29	1	19	27	2	18	29	1	20	28	0	19	29	0	19	29	0	19	27	2	19	29	0	19	29	0	20	25	3	18	29	1	19	29	0	19	27	2	19	29	0	19	28	1	21	27	0	19	27	2	22	25	1	18	28	2	72	43	29	0	40	31	1	43	29	0	43	28	1	43	29	0	40	32	0	42	29	1	43	29	0	43	27	2	43	29	0	43	29	0	42	30	0	41	29	2	43	29	0	43	29	0	43	29	0	43	27	2	43	29	0	43	29	0	43	28	1	44	28	0	20T046947, 20T038340, 22T011382, 21T035686, 21T039775, 21T001178, 21T038239, 19T006039, 22T007830, 20T048225, 20T006607, 20T014910, 21T033785, 21T054929, 22T011583, 20T038320, 20T030552, 22T006085, 20T009553, 21T000073, 21T032790-3, 19T054871, 19T025210, 21T033800, 21T040867, 21T001658, 21T053082, 19T016382, 20T020579, 20T019015, 20T005496, 20T008805, 20T047066, 21T048937, 20T011967, 20T020099, 20T025294, 21T025148, 20T012085, 19T012042, 19T041708, 20T045205, 21T049346, 22T008179, 20T008086, 19T043366, 19T002177, 20T045203	19T030885, 20T052564, 19T001349, 19T017024, 19T050342, 21T033945, 19T012037, 20T045798, 22T002039, 22T018755, 20T002118, 20T032100-1, 20T034499, 19T021319, 20T040943-3, 22T006567, 19T012459, 20T024782, 20T041382, 20T033414, 20T020309, 20T042961, 20T047354-2, 20T047725, 20T015946, 21T030916, 20T017247, 21T023636, 21T000548, 20T007640-colon, 20T002971, 20T005825, 20T029274, 21T005998, 20T015185, 20T019174, 20T020784, 20T038398, 21T031758, 22T013598, 19T038522, 20T006574, 19T060517, 19T030502, 20T032100-2, 20T040943-2, 20T040943-1, 20T014645, 19T056717, 21T011794, 20T048309, 20T020516, 20T014091, 21T015384, 20T033833, 22T000352, 20T007640-ureter, 19T033892, 20T046062, 21T005802, 20T030560, 21T000609, 21T011385, 21T054446, 20T040582, 20T018414, 20T046842, 21T042696, 22T039782, 20T015552, 20T047354, 21T012605
0	29	240e5027cb78e08a8a02ea3b18d645f0	48	20	28	0	19	27	2	20	28	0	20	27	1	19	28	1	19	29	0	19	28	1	20	28	0	20	26	2	20	28	0	20	28	0	19	27	2	19	28	1	20	28	0	20	26	2	20	28	0	20	26	2	21	27	0	20	26	2	23	25	0	20	27	1	72	42	30	0	40	32	0	41	30	1	42	28	2	42	30	0	41	31	0	42	30	0	42	30	0	42	28	2	42	30	0	42	30	0	43	28	1	40	30	2	42	30	0	42	30	0	42	30	0	42	29	1	43	29	0	42	30	0	42	28	2	42	29	1	22T018755, 19T001349, 19T017024, 19T050342, 21T033945, 19T012037, 21T039775, 22T011382, 21T038239, 19T021319, 22T007830, 20T006607, 19T012459, 20T041382, 20T033414, 20T047354-2, 22T011583, 20T030552, 20T009553, 21T032790-3, 20T002971, 21T033800, 21T040867, 21T005998, 20T019174, 22T013598, 20T038398, 21T031758, 21T053082, 19T060517, 20T020579, 20T019015, 21T048937, 20T040943-2, 20T047066, 19T056717, 21T015384, 20T020516, 20T025294, 19T012042, 19T033892, 19T041708, 21T005802, 20T008086, 21T000609, 21T011385, 21T054446, 20T045203	19T030885, 20T052564, 20T046947, 20T038340, 22T002039, 20T045798, 21T035686, 21T001178, 20T002118, 20T032100-1, 19T006039, 20T034499, 20T040943-3, 22T006567, 20T048225, 20T014910, 20T024782, 20T042961, 20T020309, 20T047725, 21T033785, 21T054929, 20T038320, 20T015946, 22T006085, 21T030916, 21T000073, 19T054871, 19T025210, 20T017247, 21T023636, 21T000548, 20T007640-colon, 20T005825, 20T029274, 20T015185, 20T020784, 21T001658, 19T038522, 20T006574, 19T016382, 19T030502, 20T005496, 20T008805, 20T032100-2, 20T040943-1, 20T011967, 20T014645, 21T011794, 20T020099, 20T048309, 20T014091, 21T025148, 20T033833, 22T000352, 20T007640-ureter, 20T012085, 20T046062, 20T045205, 21T049346, 22T008179, 20T030560, 19T043366, 20T040582, 20T018414, 20T046842, 21T042696, 19T002177, 20T015552, 20T047354, 21T012605, 22T039782
0	30	4d2396e5e34febe3b95c58ccee266a19	48	23	25	0	22	25	1	23	25	0	23	23	2	23	25	0	23	25	0	23	25	0	23	25	0	23	23	2	23	25	0	23	25	0	23	24	1	21	25	2	23	25	0	23	24	1	23	25	0	23	23	2	24	24	0	23	25	0	24	23	1	24	24	0	72	39	33	0	37	34	1	38	33	1	39	32	1	38	33	1	37	35	0	38	33	1	39	33	0	39	31	2	39	33	0	39	33	0	39	31	2	38	33	1	39	33	0	39	32	1	39	33	0	39	32	1	40	32	0	39	31	2	41	30	1	38	32	2	21T033945, 19T012037, 22T002039, 20T034499, 22T006567, 19T021319, 20T006607, 20T042961, 20T033414, 21T033785, 21T054929, 20T030552, 20T009553, 21T000073, 20T017247, 19T025210, 21T023636, 21T000548, 20T007640-colon, 21T040867, 20T020784, 20T019174, 21T031758, 19T038522, 20T006574, 21T053082, 19T016382, 20T032100-2, 20T005496, 20T008805, 21T015384, 20T048309, 22T000352, 20T025294, 20T033833, 20T012085, 19T041708, 22T008179, 21T000609, 21T011385, 19T043366, 21T054446, 20T040582, 20T046842, 19T002177, 20T015552, 20T047354, 21T012605	19T030885, 20T052564, 19T001349, 19T017024, 19T050342, 20T038340, 20T045798, 20T046947, 21T001178, 21T035686, 20T002118, 21T038239, 20T032100-1, 19T006039, 21T039775, 20T040943-3, 22T018755, 22T007830, 20T048225, 20T014910, 19T012459, 20T024782, 20T041382, 22T011382, 20T020309, 20T047725, 20T047354-2, 22T011583, 20T038320, 20T015946, 22T006085, 21T030916, 21T032790-3, 19T054871, 20T002971, 21T033800, 20T005825, 20T029274, 21T005998, 20T015185, 21T001658, 20T038398, 22T013598, 19T060517, 20T020579, 19T030502, 20T019015, 20T040943-2, 20T047066, 20T040943-1, 21T048937, 20T011967, 20T014645, 19T056717, 21T011794, 20T020099, 20T020516, 20T014091, 21T025148, 20T007640-ureter, 19T012042, 19T033892, 20T045205, 20T046062, 21T005802, 20T008086, 20T030560, 21T049346, 20T018414, 22T039782, 21T042696, 20T045203
0	31	8d7c23ad659074a852cad93ac3520ca7	48	28	20	0	27	20	1	28	20	0	28	20	0	28	20	0	28	20	0	27	20	1	28	20	0	28	18	2	28	20	0	28	20	0	29	18	1	27	20	1	28	20	0	28	19	1	28	20	0	28	19	1	30	18	0	28	20	0	27	20	1	28	20	0	72	34	38	0	32	39	1	33	38	1	34	35	3	33	38	1	32	40	0	34	38	0	34	38	0	34	36	2	34	38	0	34	38	0	33	37	2	32	38	2	34	38	0	34	37	1	34	38	0	34	36	2	34	38	0	34	36	2	38	33	1	34	36	2	19T030885, 22T018755, 19T050342, 21T033945, 21T035686, 22T002039, 20T034499, 22T006567, 20T048225, 19T012459, 20T024782, 21T033785, 20T038320, 20T015946, 22T006085, 19T054871, 20T017247, 21T000548, 20T007640-colon, 20T029274, 20T020784, 21T001658, 22T013598, 21T031758, 21T053082, 19T060517, 20T032100-2, 21T048937, 20T047066, 21T011794, 20T020099, 20T048309, 20T025294, 21T015384, 20T007640-ureter, 20T012085, 21T049346, 20T045205, 20T008086, 20T030560, 21T011385, 19T043366, 21T054446, 20T040582, 20T046842, 19T002177, 20T047354, 21T042696	20T052564, 19T001349, 19T017024, 20T038340, 20T046947, 19T012037, 20T045798, 21T001178, 21T039775, 20T002118, 21T038239, 20T032100-1, 19T006039, 19T021319, 20T040943-3, 22T007830, 20T006607, 20T014910, 20T041382, 20T042961, 20T033414, 20T020309, 20T047725, 20T047354-2, 21T054929, 22T011382, 22T011583, 20T030552, 20T009553, 21T030916, 21T000073, 21T032790-3, 19T025210, 21T023636, 20T002971, 21T033800, 20T005825, 21T040867, 21T005998, 20T015185, 20T019174, 20T038398, 19T038522, 20T006574, 19T016382, 20T020579, 19T030502, 20T005496, 20T008805, 20T019015, 20T040943-1, 20T040943-2, 20T011967, 20T014645, 19T056717, 20T020516, 20T014091, 21T025148, 20T033833, 22T000352, 20T046062, 19T012042, 19T033892, 19T041708, 21T005802, 22T008179, 21T000609, 20T018414, 22T039782, 20T015552, 21T012605, 20T045203
0	32	610ceed842bc2ff44e03a5b33ea96187	48	25	23	0	24	23	1	24	23	1	25	21	2	24	23	1	25	23	0	24	23	1	25	23	0	25	21	2	25	23	0	25	23	0	24	22	2	24	23	1	25	23	0	25	23	0	25	23	0	25	22	1	25	23	0	25	22	1	27	19	2	26	22	0	72	37	35	0	35	36	1	37	35	0	37	34	1	37	35	0	35	37	0	37	35	0	37	35	0	37	33	2	37	35	0	37	35	0	38	33	1	35	35	2	37	35	0	37	33	2	37	35	0	37	33	2	39	33	0	37	34	1	38	34	0	36	34	2	22T018755, 20T052564, 19T001349, 20T046947, 22T011382, 21T033945, 20T045798, 21T039775, 22T002039, 21T038239, 20T032100-1, 19T006039, 20T014910, 20T041382, 20T042961, 20T020309, 21T033785, 20T015946, 22T006085, 21T030916, 20T017247, 21T023636, 20T002971, 20T005825, 20T020784, 22T013598, 20T038398, 19T038522, 19T016382, 19T060517, 20T019015, 20T047066, 20T011967, 20T014645, 21T011794, 21T015384, 20T020516, 22T000352, 19T012042, 21T049346, 20T030560, 19T043366, 21T054446, 20T040582, 22T039782, 21T042696, 19T002177, 21T012605	19T030885, 19T017024, 19T050342, 20T038340, 19T012037, 21T035686, 21T001178, 20T002118, 20T034499, 22T006567, 19T021319, 20T040943-3, 22T007830, 20T048225, 20T006607, 19T012459, 20T024782, 20T033414, 20T047725, 20T047354-2, 21T054929, 22T011583, 20T038320, 20T030552, 20T009553, 21T000073, 21T032790-3, 19T054871, 19T025210, 21T000548, 20T007640-colon, 21T033800, 20T029274, 21T040867, 21T005998, 20T015185, 20T019174, 21T001658, 21T031758, 20T006574, 21T053082, 20T020579, 19T030502, 20T005496, 20T008805, 20T032100-2, 20T040943-1, 20T040943-2, 21T048937, 19T056717, 20T020099, 20T048309, 20T014091, 20T025294, 20T033833, 21T025148, 20T007640-ureter, 19T033892, 19T041708, 20T012085, 20T045205, 20T046062, 20T008086, 21T000609, 21T005802, 22T008179, 21T011385, 20T018414, 20T046842, 20T015552, 20T047354, 20T045203
0	33	d1bdb811c0454aea993a1535bc8681e0	48	25	23	0	23	23	2	25	23	0	25	21	2	25	23	0	24	24	0	24	23	1	25	23	0	25	22	1	25	23	0	25	23	0	25	21	2	24	23	1	25	23	0	25	22	1	25	23	0	25	22	1	26	22	0	25	21	2	27	21	0	24	22	2	72	37	35	0	36	36	0	36	35	1	37	34	1	36	35	1	36	36	0	37	35	0	37	35	0	37	32	3	37	35	0	37	35	0	37	34	1	35	35	2	37	35	0	37	34	1	37	35	0	37	33	2	38	34	0	37	35	0	38	32	2	38	34	0	22T018755, 20T052564, 19T001349, 20T046947, 22T011382, 21T033945, 19T012037, 21T001178, 22T006567, 20T048225, 20T006607, 20T042961, 20T033414, 20T047725, 21T033785, 22T011583, 20T015946, 20T030552, 22T006085, 20T009553, 21T032790-3, 20T017247, 21T023636, 21T000548, 20T002971, 21T005998, 20T020784, 20T038398, 19T060517, 19T030502, 20T005496, 20T032100-2, 20T040943-2, 20T040943-1, 19T056717, 21T011794, 20T025294, 20T012085, 19T041708, 19T012042, 20T045205, 22T008179, 21T000609, 20T040582, 20T046842, 22T039782, 20T015552, 20T045203	19T030885, 19T017024, 19T050342, 20T038340, 20T045798, 21T035686, 21T039775, 22T002039, 20T002118, 21T038239, 20T032100-1, 19T006039, 19T021319, 20T034499, 20T040943-3, 22T000352, 22T007830, 20T014910, 19T012459, 20T024782, 20T041382, 20T020309, 20T047354-2, 21T054929, 20T038320, 21T030916, 21T000073, 19T054871, 19T025210, 20T007640-colon, 21T033800, 20T005825, 20T029274, 21T040867, 20T015185, 20T019174, 21T001658, 21T031758, 22T013598, 19T038522, 20T006574, 21T053082, 19T016382, 20T020579, 20T019015, 20T008805, 20T047066, 21T048937, 20T011967, 20T014645, 21T015384, 20T020099, 20T020516, 20T014091, 20T048309, 20T033833, 21T025148, 20T007640-ureter, 19T033892, 20T046062, 21T005802, 21T049346, 20T008086, 20T030560, 21T011385, 19T043366, 21T054446, 20T018414, 21T042696, 19T002177, 20T047354, 21T012605
0	34	3f55af7326f18f442b2e0584e860b913	48	22	26	0	20	27	1	21	26	1	22	24	2	21	26	1	21	27	0	21	26	1	22	26	0	22	23	3	22	26	0	22	26	0	22	24	2	21	26	1	22	26	0	22	25	1	22	26	0	22	25	1	23	25	0	22	25	1	23	24	1	23	24	1	72	40	32	0	39	32	1	40	32	0	40	31	1	40	32	0	39	33	0	40	32	0	40	32	0	40	31	1	40	32	0	40	32	0	40	31	1	38	32	2	40	32	0	40	31	1	40	32	0	40	30	2	41	31	0	40	31	1	42	29	1	39	32	1	22T018755, 20T052564, 19T001349, 20T046947, 19T050342, 20T045798, 21T039775, 21T038239, 20T034499, 22T006567, 19T021319, 22T007830, 20T014910, 20T041382, 20T033414, 21T054929, 20T038320, 20T015946, 21T030916, 21T000073, 21T032790-3, 20T017247, 21T000548, 20T002971, 21T033800, 20T005825, 20T029274, 21T005998, 20T019174, 22T013598, 19T038522, 19T016382, 19T060517, 20T019015, 20T005496, 20T008805, 20T032100-2, 20T040943-1, 21T048937, 20T011967, 19T056717, 20T048309, 20T014091, 21T005802, 20T008086, 22T039782, 19T002177, 21T012605	19T030885, 19T017024, 20T038340, 21T033945, 19T012037, 21T035686, 21T001178, 22T002039, 20T002118, 22T011382, 20T032100-1, 19T006039, 20T040943-3, 22T000352, 20T048225, 20T006607, 19T012459, 20T024782, 20T042961, 20T020309, 20T047725, 20T047354-2, 21T033785, 22T011583, 20T030552, 22T006085, 20T009553, 19T054871, 19T025210, 21T023636, 20T007640-colon, 21T040867, 20T015185, 20T020784, 20T038398, 21T001658, 21T031758, 20T006574, 21T053082, 20T020579, 19T030502, 20T040943-2, 20T047066, 20T014645, 21T011794, 20T020099, 20T020516, 20T025294, 21T015384, 20T033833, 21T025148, 20T007640-ureter, 19T012042, 19T033892, 19T041708, 20T012085, 20T045205, 20T030560, 20T046062, 21T000609, 21T049346, 21T011385, 22T008179, 19T043366, 21T054446, 20T040582, 20T018414, 20T046842, 20T015552, 20T047354, 21T042696, 20T045203
0	35	3c2b25e44e49b413d3b8329555e92850	48	29	19	0	28	19	1	29	19	0	29	19	0	29	19	0	29	19	0	29	19	0	29	19	0	29	17	2	29	19	0	29	19	0	28	19	1	29	19	0	29	19	0	29	18	1	29	19	0	29	17	2	29	19	0	29	19	0	30	17	1	29	19	0	72	33	39	0	31	40	1	32	39	1	33	36	3	32	39	1	31	41	0	32	39	1	33	39	0	33	37	2	33	39	0	33	39	0	34	36	2	30	39	3	33	39	0	33	38	1	33	39	0	33	38	1	35	37	0	33	37	2	35	36	1	33	37	2	19T030885, 22T002039, 20T045798, 21T038239, 22T006567, 19T006039, 22T007830, 20T014910, 19T012459, 20T024782, 20T041382, 20T047725, 21T033785, 20T047354-2, 21T054929, 20T015946, 20T030552, 22T006085, 20T009553, 21T000073, 21T033800, 20T005825, 21T005998, 20T020784, 20T019174, 20T015185, 20T038398, 21T031758, 22T013598, 20T006574, 21T048937, 20T008805, 20T040943-2, 20T040943-1, 20T020099, 20T020516, 20T033833, 20T007640-ureter, 20T012085, 21T005802, 21T049346, 22T008179, 21T000609, 19T043366, 20T040582, 20T046842, 19T002177, 20T015552	22T018755, 20T052564, 19T001349, 19T017024, 19T050342, 20T038340, 19T012037, 20T046947, 21T001178, 21T033945, 20T002118, 21T035686, 20T032100-1, 20T034499, 19T021319, 20T040943-3, 21T039775, 20T048225, 20T006607, 22T011382, 20T042961, 20T033414, 20T020309, 22T011583, 20T038320, 21T030916, 21T032790-3, 19T054871, 19T025210, 20T017247, 21T023636, 21T000548, 20T002971, 20T007640-colon, 20T029274, 21T040867, 21T001658, 19T038522, 21T053082, 19T016382, 19T060517, 20T020579, 19T030502, 20T005496, 20T019015, 20T032100-2, 20T047066, 20T011967, 20T014645, 19T056717, 21T011794, 20T048309, 21T015384, 20T014091, 20T025294, 21T025148, 22T000352, 20T046062, 19T012042, 19T033892, 19T041708, 20T045205, 20T008086, 20T030560, 21T011385, 21T054446, 20T018414, 22T039782, 21T042696, 20T047354, 21T012605, 20T045203
0	36	0b8aa09c92b1559d7fdbae53af1edf6c	48	26	22	0	24	23	1	26	22	0	26	19	3	26	22	0	26	22	0	25	22	1	26	22	0	26	19	3	26	22	0	26	22	0	26	19	3	24	22	2	26	22	0	26	22	0	26	22	0	26	21	1	26	22	0	26	21	1	29	18	1	26	20	2	72	36	36	0	35	36	1	35	36	1	36	36	0	35	36	1	34	38	0	36	36	0	36	36	0	36	35	1	36	36	0	36	36	0	36	36	0	35	36	1	36	36	0	36	34	2	36	36	0	36	34	2	38	34	0	36	35	1	36	35	1	36	36	0	22T018755, 20T046947, 19T017024, 20T038340, 21T033945, 19T012037, 21T001178, 22T006567, 22T007830, 20T006607, 20T042961, 20T033414, 20T020309, 20T047725, 20T047354-2, 22T011583, 22T006085, 21T032790-3, 19T054871, 20T017247, 21T023636, 21T000548, 21T033800, 20T005825, 21T040867, 20T019174, 20T015185, 20T038398, 21T031758, 19T038522, 19T016382, 20T032100-2, 20T014645, 19T056717, 21T015384, 20T020099, 20T020516, 20T048309, 21T025148, 20T007640-ureter, 19T012042, 20T012085, 21T049346, 21T054446, 19T002177, 20T015552, 20T047354, 21T012605	19T030885, 20T052564, 19T001349, 22T011382, 19T050342, 22T002039, 20T045798, 21T035686, 21T039775, 20T002118, 21T038239, 20T032100-1, 19T006039, 19T021319, 20T034499, 20T040943-3, 20T048225, 20T014910, 19T012459, 20T024782, 20T041382, 21T033785, 21T054929, 20T038320, 20T015946, 20T030552, 20T009553, 21T030916, 21T000073, 19T025210, 20T007640-colon, 20T002971, 20T029274, 21T005998, 20T020784, 21T001658, 22T013598, 20T006574, 21T053082, 19T060517, 20T020579, 19T030502, 20T005496, 20T008805, 20T019015, 20T040943-1, 20T040943-2, 20T047066, 20T011967, 21T048937, 21T011794, 22T000352, 20T014091, 20T025294, 20T033833, 20T046062, 19T033892, 19T041708, 20T045205, 21T005802, 22T008179, 20T008086, 20T030560, 21T000609, 21T011385, 19T043366, 20T040582, 20T018414, 20T046842, 22T039782, 21T042696, 20T045203
0	37	2f4b9ed6f720ce3040e29bfa2153ad3e	48	31	17	0	29	18	1	30	17	1	31	17	0	30	17	1	30	18	0	31	17	0	31	17	0	31	17	0	31	17	0	31	17	0	30	18	0	30	17	1	31	17	0	31	16	1	31	17	0	31	16	1	31	17	0	31	17	0	32	16	0	30	17	1	72	31	41	0	30	41	1	31	41	0	31	38	3	31	41	0	30	42	0	30	41	1	31	41	0	31	37	4	31	41	0	31	41	0	32	37	3	29	41	2	31	41	0	31	40	1	31	41	0	31	39	2	33	39	0	31	39	2	33	37	2	32	39	1	19T001349, 20T038340, 22T002039, 19T012037, 20T045798, 21T001178, 21T039775, 20T002118, 22T006567, 19T006039, 19T021319, 20T040943-3, 20T014910, 20T020309, 20T047354-2, 21T054929, 20T030552, 22T006085, 20T009553, 21T000073, 20T017247, 19T025210, 20T015185, 20T019174, 20T020784, 21T001658, 20T006574, 21T053082, 19T030502, 20T005496, 20T008805, 20T019015, 20T032100-2, 20T040943-2, 20T047066, 20T011967, 20T014645, 20T020099, 20T020516, 20T014091, 20T048309, 22T000352, 20T046062, 19T041708, 21T011385, 21T054446, 22T039782, 20T015552	19T030885, 20T052564, 20T046947, 19T017024, 19T050342, 21T033945, 21T035686, 22T011382, 22T018755, 21T038239, 20T032100-1, 20T034499, 22T007830, 20T048225, 20T006607, 19T012459, 20T024782, 20T041382, 20T033414, 20T042961, 20T047725, 21T033785, 22T011583, 20T038320, 20T015946, 21T030916, 21T032790-3, 19T054871, 21T023636, 21T000548, 20T007640-colon, 20T002971, 20T005825, 20T029274, 21T033800, 21T040867, 21T005998, 22T013598, 20T038398, 21T031758, 19T038522, 19T016382, 19T060517, 20T020579, 21T048937, 20T040943-1, 19T056717, 21T011794, 21T015384, 20T025294, 21T025148, 20T033833, 20T007640-ureter, 19T012042, 19T033892, 20T012085, 20T045205, 21T005802, 20T008086, 20T030560, 21T000609, 21T049346, 22T008179, 19T043366, 20T040582, 20T018414, 20T046842, 21T042696, 19T002177, 20T047354, 21T012605, 20T045203
0	38	d94cf83aeae8cfcc33ad09c145f05e0c	48	24	24	0	24	24	0	24	24	0	24	23	1	24	24	0	24	24	0	24	24	0	24	24	0	24	21	3	24	24	0	24	24	0	24	21	3	22	24	2	24	24	0	24	23	1	24	24	0	24	23	1	24	24	0	24	22	2	26	21	1	24	22	2	72	38	34	0	35	35	2	37	34	1	38	32	2	37	34	1	36	36	0	37	34	1	38	34	0	38	33	1	38	34	0	38	34	0	38	34	0	37	34	1	38	34	0	38	33	1	38	34	0	38	32	2	40	32	0	38	34	0	39	32	1	38	34	0	19T030885, 20T052564, 19T017024, 20T038340, 22T011382, 20T045798, 21T001178, 21T038239, 22T006567, 22T007830, 20T048225, 20T041382, 20T042961, 20T033414, 20T047725, 20T047354-2, 20T009553, 21T030916, 21T000073, 21T032790-3, 21T000548, 20T005825, 21T040867, 20T015185, 21T001658, 22T013598, 19T038522, 21T053082, 19T060517, 20T032100-2, 21T048937, 21T011794, 20T020099, 20T048309, 21T025148, 20T033833, 19T012042, 19T033892, 20T045205, 21T049346, 22T008179, 20T008086, 20T030560, 21T054446, 20T040582, 22T039782, 19T002177, 21T042696	22T018755, 19T001349, 20T046947, 19T050342, 21T033945, 19T012037, 21T035686, 21T039775, 22T002039, 20T002118, 20T032100-1, 19T006039, 19T021319, 20T034499, 20T040943-3, 20T006607, 20T014910, 19T012459, 20T024782, 20T020309, 21T033785, 21T054929, 22T011583, 20T038320, 20T015946, 20T030552, 22T006085, 19T054871, 19T025210, 20T017247, 21T023636, 20T007640-colon, 20T002971, 20T029274, 21T033800, 21T005998, 20T019174, 20T020784, 20T038398, 21T031758, 20T006574, 19T016382, 20T020579, 19T030502, 20T005496, 20T008805, 20T019015, 20T040943-1, 20T040943-2, 20T047066, 20T011967, 20T014645, 19T056717, 21T015384, 20T020516, 20T014091, 20T025294, 22T000352, 20T007640-ureter, 19T041708, 20T012085, 20T046062, 21T005802, 21T000609, 21T011385, 19T043366, 20T018414, 20T046842, 20T015552, 20T047354, 21T012605, 20T045203
0	39	f42afab51bd73ed8fe76ddbd754ad8a3	48	23	25	0	21	26	1	23	25	0	23	23	2	23	25	0	22	26	0	22	25	1	23	25	0	23	22	3	23	25	0	23	25	0	24	22	2	22	25	1	23	25	0	23	24	1	23	25	0	23	24	1	25	23	0	23	24	1	25	21	2	24	23	1	72	39	33	0	38	33	1	38	33	1	39	32	1	38	33	1	38	34	0	39	33	0	39	33	0	39	32	1	39	33	0	39	33	0	38	33	1	37	33	2	39	33	0	39	32	1	39	33	0	39	31	2	39	33	0	39	32	1	40	32	0	38	33	1	22T018755, 20T052564, 20T046947, 19T017024, 21T033945, 19T012037, 20T045798, 20T032100-1, 22T006567, 20T040943-3, 20T006607, 20T041382, 21T033785, 20T047354-2, 21T054929, 20T038320, 20T009553, 21T030916, 21T032790-3, 19T054871, 19T025210, 20T017247, 21T000548, 21T033800, 20T005825, 20T029274, 20T019174, 19T038522, 19T016382, 19T060517, 19T030502, 20T040943-2, 19T056717, 20T020099, 20T048309, 20T014091, 20T025294, 21T025148, 20T007640-ureter, 19T041708, 20T012085, 21T005802, 20T030560, 19T043366, 20T040582, 20T046842, 19T002177, 21T012605	19T030885, 19T001349, 20T038340, 19T050342, 22T002039, 21T035686, 21T039775, 21T001178, 22T011382, 20T002118, 21T038239, 20T034499, 19T006039, 19T021319, 22T007830, 20T048225, 20T014910, 19T012459, 20T024782, 20T042961, 20T033414, 20T020309, 20T047725, 22T011583, 20T015946, 20T030552, 22T006085, 21T000073, 21T023636, 20T007640-colon, 20T002971, 21T040867, 21T005998, 20T015185, 20T020784, 20T038398, 21T001658, 21T031758, 22T013598, 20T006574, 21T053082, 20T020579, 20T019015, 20T005496, 20T008805, 20T032100-2, 20T040943-1, 20T047066, 21T048937, 20T011967, 20T014645, 21T011794, 21T015384, 20T020516, 22T000352, 20T033833, 20T046062, 19T012042, 19T033892, 20T045205, 21T049346, 22T008179, 20T008086, 21T000609, 21T011385, 21T054446, 20T018414, 22T039782, 20T015552, 20T047354, 21T042696, 20T045203
0	40	164cbb5fa2d0d7d03f367cebb7a5cea7	48	30	18	0	28	18	2	30	18	0	30	18	0	29	18	1	28	20	0	29	18	1	30	18	0	30	17	1	30	18	0	30	18	0	30	17	1	29	18	1	30	18	0	30	17	1	30	18	0	30	16	2	32	16	0	30	18	0	32	16	0	30	17	1	72	32	40	0	31	41	0	31	40	1	32	37	3	32	40	0	32	40	0	32	40	0	32	40	0	32	37	3	32	40	0	32	40	0	32	38	2	30	40	2	32	40	0	32	39	1	32	40	0	32	39	1	32	40	0	32	38	2	33	37	2	32	39	1	22T018755, 20T052564, 19T001349, 20T038340, 21T033945, 19T012037, 20T045798, 21T001178, 21T035686, 20T002118, 21T038239, 19T021319, 20T047354-2, 20T038320, 20T030552, 22T006085, 20T009553, 21T030916, 21T000073, 19T025210, 21T000548, 20T007640-colon, 20T005825, 21T005998, 20T015185, 21T001658, 21T031758, 19T038522, 19T060517, 20T019015, 20T005496, 20T032100-2, 20T047066, 20T040943-1, 21T048937, 20T014645, 20T020099, 22T000352, 20T025294, 20T012085, 19T012042, 21T005802, 20T046842, 22T039782, 20T015552, 20T047354, 21T042696, 20T045203	19T030885, 20T046947, 19T017024, 19T050342, 22T002039, 22T011382, 21T039775, 20T032100-1, 19T006039, 20T034499, 20T040943-3, 22T006567, 22T007830, 20T048225, 20T006607, 20T014910, 19T012459, 20T024782, 20T041382, 20T033414, 20T020309, 20T042961, 20T047725, 21T033785, 21T054929, 22T011583, 20T015946, 21T032790-3, 19T054871, 20T017247, 21T023636, 20T002971, 21T033800, 20T029274, 21T040867, 20T019174, 20T020784, 20T038398, 22T013598, 20T006574, 21T053082, 19T016382, 20T020579, 19T030502, 20T008805, 20T040943-2, 20T011967, 19T056717, 21T011794, 20T048309, 20T020516, 20T014091, 21T015384, 20T033833, 21T025148, 20T007640-ureter, 19T033892, 19T041708, 20T045205, 20T046062, 21T049346, 20T008086, 20T030560, 21T000609, 22T008179, 21T011385, 19T043366, 21T054446, 20T040582, 20T018414, 19T002177, 21T012605
0	41	f6266e47c528b4eff43099bc2de50731	48	28	20	0	27	20	1	28	20	0	28	19	1	28	20	0	27	21	0	28	20	0	28	20	0	28	18	2	28	20	0	28	20	0	27	19	2	27	20	1	28	20	0	28	19	1	28	20	0	28	18	2	28	20	0	28	18	2	30	18	0	28	18	2	72	34	38	0	32	39	1	33	38	1	34	36	2	33	38	1	33	39	0	33	38	1	34	38	0	34	36	2	34	38	0	34	38	0	35	36	1	32	38	2	34	38	0	34	37	1	34	38	0	34	37	1	36	36	0	34	38	0	35	35	2	34	38	0	20T046947, 20T038340, 22T011382, 20T045798, 21T001178, 22T006567, 19T021319, 20T040943-3, 22T007830, 20T048225, 20T006607, 20T024782, 20T041382, 20T033414, 21T033785, 20T030552, 22T006085, 20T009553, 21T032790-3, 21T000548, 20T020784, 20T019174, 22T013598, 19T038522, 20T006574, 21T053082, 20T020579, 20T032100-2, 20T008805, 21T048937, 20T040943-1, 20T014645, 19T056717, 21T011794, 21T015384, 20T020516, 20T014091, 21T025148, 22T000352, 20T012085, 19T012042, 20T046062, 20T045205, 21T000609, 20T018414, 20T046842, 22T039782, 20T045203	19T030885, 20T052564, 19T001349, 19T017024, 19T050342, 21T033945, 19T012037, 21T035686, 21T039775, 22T002039, 20T002118, 21T038239, 20T032100-1, 19T006039, 20T034499, 22T018755, 20T014910, 19T012459, 20T042961, 20T020309, 20T047725, 20T047354-2, 21T054929, 22T011583, 20T038320, 20T015946, 21T030916, 21T000073, 19T054871, 19T025210, 20T017247, 21T023636, 20T002971, 20T007640-colon, 20T005825, 20T029274, 21T033800, 21T040867, 21T005998, 20T015185, 21T001658, 20T038398, 21T031758, 19T016382, 19T060517, 19T030502, 20T005496, 20T019015, 20T040943-2, 20T047066, 20T011967, 20T020099, 20T048309, 20T025294, 20T033833, 20T007640-ureter, 19T033892, 19T041708, 21T005802, 21T049346, 22T008179, 20T008086, 20T030560, 21T011385, 19T043366, 21T054446, 20T040582, 21T042696, 19T002177, 20T015552, 20T047354, 21T012605
0	42	745d9908b3464d547de5e07094027470	48	22	26	0	21	26	1	22	26	0	22	24	2	22	26	0	23	25	0	22	26	0	22	26	0	22	24	2	22	26	0	22	26	0	21	26	1	22	26	0	22	26	0	22	24	2	22	26	0	22	24	2	22	26	0	22	26	0	22	25	1	22	26	0	72	40	32	0	38	33	1	39	32	1	40	31	1	39	32	1	37	35	0	39	32	1	40	32	0	40	30	2	40	32	0	40	32	0	41	29	2	37	32	3	40	32	0	40	32	0	40	32	0	40	31	1	42	30	0	40	30	2	43	28	1	40	30	2	19T001349, 19T017024, 19T050342, 20T038340, 20T046947, 21T039775, 22T006567, 19T021319, 20T006607, 20T014910, 19T012459, 20T020309, 20T047725, 20T015946, 20T030552, 21T000073, 20T017247, 21T023636, 21T000548, 21T033800, 21T005998, 20T015185, 22T013598, 21T031758, 19T016382, 20T020579, 21T048937, 20T008805, 20T040943-2, 20T014645, 20T020516, 20T014091, 21T025148, 20T033833, 20T012085, 19T033892, 19T041708, 20T046062, 22T008179, 21T011385, 19T043366, 21T054446, 20T040582, 20T046842, 21T042696, 19T002177, 20T047354, 21T012605	19T030885, 20T052564, 22T018755, 22T011382, 21T033945, 19T012037, 20T045798, 21T001178, 21T035686, 20T002118, 21T038239, 20T032100-1, 19T006039, 20T034499, 20T040943-3, 22T007830, 20T048225, 20T024782, 20T041382, 20T033414, 20T042961, 21T033785, 20T047354-2, 21T054929, 22T002039, 22T011583, 20T038320, 22T006085, 20T009553, 21T030916, 21T032790-3, 19T054871, 19T025210, 20T007640-colon, 20T002971, 20T005825, 20T029274, 21T040867, 20T019174, 20T020784, 20T038398, 21T001658, 19T038522, 20T006574, 21T053082, 19T060517, 19T030502, 20T005496, 20T019015, 20T032100-2, 20T040943-1, 20T047066, 20T011967, 19T056717, 21T011794, 20T020099, 20T048309, 20T025294, 21T015384, 22T000352, 20T007640-ureter, 19T012042, 21T005802, 20T045205, 21T049346, 20T008086, 20T030560, 21T000609, 20T018414, 22T039782, 20T015552, 20T045203
0	43	c2557b79bae91732bc88a4ca59e65f73	48	26	22	0	25	22	1	26	22	0	26	21	1	26	22	0	24	24	0	25	22	1	26	22	0	26	19	3	26	22	0	26	22	0	26	20	2	24	22	2	26	22	0	26	21	1	26	22	0	26	20	2	26	22	0	26	21	1	26	20	2	27	21	0	72	36	36	0	34	37	1	35	36	1	36	34	2	35	36	1	36	36	0	36	36	0	36	36	0	36	35	1	36	36	0	36	36	0	36	35	1	35	36	1	36	36	0	36	35	1	36	36	0	36	35	1	38	34	0	36	35	1	39	33	0	35	35	2	22T018755, 19T001349, 22T011382, 21T033945, 20T002118, 21T038239, 20T032100-1, 22T006567, 19T021319, 20T040943-3, 19T012459, 20T041382, 20T042961, 21T033785, 20T047354-2, 22T011583, 21T023636, 21T000548, 20T005825, 20T019174, 22T013598, 20T038398, 19T038522, 20T006574, 20T020579, 20T032100-2, 20T008805, 20T047066, 21T048937, 20T040943-1, 20T020099, 22T000352, 21T025148, 20T012085, 19T012042, 21T005802, 20T045205, 22T008179, 21T000609, 19T043366, 21T054446, 20T018414, 22T039782, 21T042696, 19T002177, 20T047354, 21T012605, 20T045203	19T030885, 20T052564, 20T046947, 19T017024, 19T050342, 20T038340, 19T012037, 20T045798, 21T001178, 21T035686, 21T039775, 22T002039, 20T034499, 19T006039, 22T007830, 20T048225, 20T006607, 20T014910, 20T024782, 20T033414, 20T020309, 20T047725, 21T054929, 20T038320, 20T015946, 20T030552, 22T006085, 20T009553, 21T030916, 21T000073, 21T032790-3, 19T054871, 19T025210, 20T017247, 20T007640-colon, 20T002971, 20T029274, 21T033800, 21T040867, 21T005998, 20T015185, 20T020784, 21T001658, 21T031758, 21T053082, 19T016382, 19T060517, 19T030502, 20T005496, 20T019015, 20T040943-2, 20T011967, 20T014645, 19T056717, 21T011794, 20T048309, 20T020516, 20T014091, 20T025294, 20T033833, 21T015384, 20T007640-ureter, 19T033892, 19T041708, 20T046062, 21T049346, 20T008086, 20T030560, 21T011385, 20T040582, 20T046842, 20T015552
0	44	e20a6deaee1c1095077ed07676cb77ac	48	21	27	0	20	28	0	21	27	0	21	26	1	21	27	0	22	26	0	21	27	0	21	27	0	21	26	1	21	27	0	21	27	0	20	26	2	20	27	1	21	27	0	21	26	1	21	27	0	21	27	0	21	27	0	21	27	0	22	25	1	21	27	0	72	41	31	0	39	31	2	40	31	1	41	29	2	40	31	1	38	34	0	40	31	1	41	31	0	41	28	3	41	31	0	41	31	0	42	29	1	39	31	2	41	31	0	41	30	1	41	31	0	41	28	3	43	29	0	41	29	2	43	28	1	41	29	2	19T030885, 19T001349, 19T017024, 19T050342, 22T002039, 20T045798, 21T035686, 22T006567, 19T021319, 20T040943-3, 20T048225, 20T006607, 20T014910, 20T033414, 21T054929, 22T011583, 21T030916, 20T017247, 20T007640-colon, 21T033800, 20T005825, 20T029274, 21T040867, 20T015185, 20T019174, 20T038398, 21T001658, 22T013598, 19T016382, 20T020579, 19T030502, 20T005496, 20T008805, 20T040943-2, 20T047066, 20T014645, 19T056717, 20T020516, 20T014091, 21T025148, 22T000352, 20T012085, 19T012042, 19T041708, 20T008086, 21T054446, 22T039782, 19T002177	22T018755, 20T052564, 20T046947, 20T038340, 22T011382, 21T033945, 19T012037, 21T039775, 21T001178, 20T002118, 21T038239, 20T032100-1, 19T006039, 20T034499, 22T007830, 19T012459, 20T024782, 20T041382, 20T042961, 20T020309, 20T047725, 20T047354-2, 21T033785, 20T038320, 20T015946, 20T030552, 22T006085, 20T009553, 21T000073, 21T032790-3, 19T054871, 19T025210, 21T023636, 21T000548, 20T002971, 21T005998, 20T020784, 21T031758, 19T038522, 20T006574, 21T053082, 19T060517, 20T019015, 20T032100-2, 21T048937, 20T040943-1, 20T011967, 21T011794, 20T020099, 20T048309, 20T025294, 21T015384, 20T033833, 20T007640-ureter, 19T033892, 20T046062, 20T045205, 21T005802, 21T049346, 20T030560, 21T000609, 22T008179, 21T011385, 19T043366, 20T040582, 20T018414, 20T046842, 21T042696, 20T015552, 20T047354, 21T012605, 20T045203
0	45	abc8b750b78b6b83c0853d2738aa9ba3	48	24	24	0	23	25	0	24	24	0	24	21	3	24	24	0	24	24	0	24	24	0	24	24	0	24	22	2	24	24	0	24	24	0	24	22	2	23	24	1	24	24	0	24	23	1	24	24	0	24	23	1	25	23	0	24	23	1	28	20	0	24	22	2	72	38	34	0	36	34	2	37	34	1	38	34	0	37	34	1	36	36	0	37	34	1	38	34	0	38	32	2	38	34	0	38	34	0	38	33	1	36	34	2	38	34	0	38	33	1	38	34	0	38	32	2	39	33	0	38	33	1	37	33	2	38	34	0	20T038340, 20T045798, 21T001178, 20T034499, 19T006039, 20T042961, 20T020309, 20T047725, 20T047354-2, 21T054929, 22T011583, 20T038320, 20T015946, 22T006085, 20T009553, 21T030916, 21T032790-3, 19T054871, 19T025210, 21T023636, 20T005825, 21T040867, 20T020784, 22T013598, 20T038398, 19T038522, 20T006574, 21T053082, 19T016382, 19T060517, 20T020579, 21T048937, 20T047066, 20T014645, 21T015384, 20T020516, 20T014091, 21T025148, 22T000352, 20T046062, 19T012042, 21T049346, 20T008086, 20T030560, 21T000609, 19T043366, 20T018414, 20T045203	19T030885, 20T052564, 19T001349, 19T017024, 19T050342, 20T046947, 19T012037, 21T033945, 21T035686, 21T039775, 20T002118, 21T038239, 20T032100-1, 22T002039, 19T021319, 20T040943-3, 22T006567, 22T007830, 20T048225, 20T006607, 20T014910, 19T012459, 20T024782, 20T041382, 20T033414, 22T011382, 21T033785, 20T030552, 21T000073, 20T017247, 21T000548, 20T007640-colon, 20T002971, 20T029274, 21T033800, 21T005998, 20T015185, 20T019174, 21T001658, 21T031758, 19T030502, 20T005496, 20T008805, 20T019015, 20T032100-2, 20T040943-1, 20T040943-2, 20T011967, 19T056717, 21T011794, 20T020099, 20T048309, 20T025294, 20T033833, 20T007640-ureter, 19T033892, 19T041708, 20T012085, 20T045205, 21T005802, 22T008179, 22T018755, 21T011385, 21T054446, 20T040582, 20T046842, 21T042696, 19T002177, 20T015552, 20T047354, 21T012605, 22T039782
0	46	b6f90158a02e27645de96c15ffda3622	48	22	26	0	21	27	0	21	26	1	22	23	3	21	26	1	22	26	0	22	26	0	22	26	0	22	23	3	22	26	0	22	26	0	22	25	1	21	26	1	22	26	0	22	25	1	22	26	0	22	24	2	23	25	0	22	25	1	24	24	0	23	24	1	72	40	32	0	38	32	2	40	32	0	40	32	0	40	32	0	38	34	0	39	32	1	40	32	0	40	31	1	40	32	0	40	32	0	40	30	2	38	32	2	40	32	0	40	31	1	40	32	0	40	31	1	41	31	0	40	31	1	41	29	2	39	32	1	20T052564, 20T046947, 19T050342, 21T033945, 21T039775, 21T038239, 22T006567, 20T048225, 20T014910, 19T012459, 20T020309, 20T047725, 22T011583, 21T030916, 21T000073, 21T032790-3, 21T023636, 21T000548, 20T007640-colon, 20T002971, 20T005825, 21T033800, 21T040867, 20T019174, 21T031758, 19T038522, 19T016382, 19T060517, 20T019015, 21T048937, 20T047066, 20T011967, 20T014645, 19T056717, 22T000352, 20T014091, 20T025294, 20T033833, 20T012085, 20T046062, 21T049346, 22T008179, 20T008086, 19T043366, 21T054446, 20T018414, 21T042696, 21T012605	19T030885, 22T018755, 19T001349, 19T017024, 20T038340, 22T002039, 19T012037, 20T045798, 21T001178, 21T035686, 20T002118, 22T011382, 20T032100-1, 19T006039, 19T021319, 20T034499, 20T040943-3, 22T007830, 20T006607, 20T024782, 20T041382, 20T033414, 20T042961, 21T033785, 20T047354-2, 21T054929, 20T038320, 20T015946, 20T030552, 22T006085, 20T009553, 19T054871, 19T025210, 20T017247, 20T029274, 21T005998, 20T015185, 20T020784, 20T038398, 21T001658, 22T013598, 20T006574, 21T053082, 20T020579, 19T030502, 20T005496, 20T008805, 20T032100-2, 20T040943-1, 20T040943-2, 21T011794, 20T020099, 20T020516, 20T048309, 21T015384, 21T025148, 20T007640-ureter, 19T012042, 19T033892, 19T041708, 20T045205, 21T005802, 20T030560, 21T000609, 21T011385, 20T040582, 20T046842, 22T039782, 19T002177, 20T015552, 20T047354, 20T045203
0	47	da5393965b39920316a050412358e6ec	48	29	19	0	28	19	1	29	19	0	29	17	2	29	19	0	27	21	0	29	19	0	29	19	0	29	18	1	29	19	0	29	19	0	28	19	1	28	19	1	29	19	0	29	19	0	29	19	0	29	18	1	29	19	0	29	17	2	29	19	0	28	18	2	72	33	39	0	31	40	1	32	39	1	33	38	1	32	39	1	33	39	0	32	39	1	33	39	0	33	36	3	33	39	0	33	39	0	34	36	2	31	39	2	33	39	0	33	37	2	33	39	0	33	37	2	35	37	0	33	39	0	36	34	2	34	38	0	19T030885, 20T052564, 19T001349, 20T038340, 20T046947, 22T011382, 21T001178, 20T002118, 22T007830, 20T024782, 20T033414, 20T047725, 20T047354-2, 21T054929, 22T011583, 20T030552, 22T006085, 21T030916, 21T032790-3, 19T025210, 21T023636, 21T000548, 20T007640-colon, 20T002971, 21T005998, 22T013598, 21T001658, 20T006574, 19T030502, 20T008805, 20T032100-2, 20T047066, 20T048309, 20T020516, 21T025148, 20T012085, 21T005802, 22T008179, 20T008086, 20T030560, 21T000609, 21T054446, 20T018414, 20T046842, 22T039782, 20T015552, 20T047354, 21T042696	22T018755, 19T017024, 19T050342, 21T033945, 19T012037, 20T045798, 21T035686, 21T039775, 22T002039, 21T038239, 20T032100-1, 19T006039, 19T021319, 20T034499, 20T040943-3, 22T006567, 20T048225, 20T006607, 20T014910, 19T012459, 20T041382, 20T042961, 20T020309, 21T033785, 20T038320, 20T015946, 20T009553, 21T000073, 19T054871, 20T017247, 21T033800, 20T005825, 20T029274, 21T040867, 20T015185, 20T019174, 20T020784, 20T038398, 21T031758, 19T038522, 21T053082, 19T016382, 19T060517, 20T020579, 20T019015, 20T005496, 20T040943-2, 21T048937, 20T040943-1, 20T011967, 20T014645, 19T056717, 21T011794, 20T020099, 21T015384, 20T014091, 20T025294, 20T033833, 22T000352, 20T007640-ureter, 19T012042, 19T033892, 19T041708, 20T045205, 20T046062, 21T049346, 21T011385, 19T043366, 20T040582, 19T002177, 21T012605, 20T045203
0	48	3feda69c2a8554c38b3a23e4ab1c44de	48	22	26	0	20	27	1	21	26	1	22	25	1	22	26	0	21	27	0	22	26	0	22	26	0	22	25	1	22	26	0	22	26	0	22	24	2	20	26	2	22	26	0	22	26	0	22	26	0	22	25	1	23	25	0	22	24	2	23	25	0	21	25	2	72	40	32	0	39	32	1	40	32	0	40	30	2	39	32	1	39	33	0	39	32	1	40	32	0	40	29	3	40	32	0	40	32	0	40	31	1	39	32	1	40	32	0	40	30	2	40	32	0	40	30	2	41	31	0	40	32	0	42	28	2	41	31	0	19T001349, 22T011382, 19T050342, 21T033945, 20T045798, 21T001178, 21T038239, 20T040943-3, 22T007830, 20T014910, 20T024782, 20T041382, 20T033414, 20T042961, 20T030552, 20T009553, 21T032790-3, 21T033800, 20T005825, 20T029274, 21T040867, 20T019174, 20T015185, 20T038398, 21T001658, 21T053082, 19T060517, 20T032100-2, 20T040943-1, 20T011967, 20T014645, 19T056717, 21T015384, 20T020099, 22T000352, 20T025294, 20T014091, 20T012085, 19T012042, 20T046062, 22T008179, 20T008086, 20T030560, 20T040582, 20T046842, 22T039782, 20T015552, 21T012605	19T030885, 20T052564, 20T046947, 19T017024, 20T038340, 22T002039, 19T012037, 21T035686, 21T039775, 22T018755, 20T002118, 20T032100-1, 19T006039, 19T021319, 20T034499, 22T006567, 20T048225, 20T006607, 19T012459, 20T020309, 20T047725, 20T047354-2, 21T033785, 21T054929, 22T011583, 20T038320, 20T015946, 22T006085, 21T030916, 21T000073, 19T054871, 19T025210, 20T017247, 21T023636, 21T000548, 20T002971, 20T007640-colon, 21T005998, 20T020784, 22T013598, 21T031758, 19T038522, 20T006574, 19T016382, 20T020579, 19T030502, 20T005496, 20T008805, 20T019015, 20T040943-2, 20T047066, 21T048937, 21T011794, 20T048309, 20T020516, 21T025148, 20T033833, 20T007640-ureter, 19T033892, 19T041708, 20T045205, 21T005802, 21T049346, 21T000609, 21T011385, 19T043366, 21T054446, 20T018414, 19T002177, 20T047354, 21T042696, 20T045203
0	49	da9e2515256084cfa345362b4ce51825	48	23	25	0	23	25	0	23	25	0	23	25	0	23	25	0	21	27	0	23	25	0	23	25	0	23	23	2	23	25	0	23	25	0	24	24	0	22	25	1	23	25	0	23	23	2	23	25	0	23	23	2	23	25	0	23	25	0	24	23	1	23	24	1	72	39	33	0	36	34	2	38	33	1	39	30	3	38	33	1	39	33	0	38	33	1	39	33	0	39	31	2	39	33	0	39	33	0	38	31	3	37	33	2	39	33	0	39	33	0	39	33	0	39	32	1	41	31	0	39	31	2	41	30	1	39	32	1	20T052564, 19T017024, 21T001178, 20T032100-1, 19T006039, 22T007830, 20T048225, 19T012459, 20T024782, 20T042961, 20T033414, 20T020309, 21T033785, 20T047354-2, 21T054929, 22T011583, 21T030916, 21T000073, 19T054871, 20T017247, 20T007640-colon, 20T029274, 20T020784, 21T001658, 21T031758, 19T038522, 20T006574, 21T048937, 20T005496, 20T008805, 20T040943-2, 20T040943-1, 21T011794, 21T015384, 22T000352, 20T007640-ureter, 19T041708, 20T012085, 20T045205, 20T046062, 21T005802, 20T008086, 21T000609, 22T008179, 21T054446, 20T018414, 21T042696, 21T012605	19T030885, 22T018755, 19T001349, 20T038340, 19T050342, 20T046947, 19T012037, 20T045798, 21T033945, 21T035686, 20T002118, 21T038239, 20T034499, 21T039775, 19T021319, 20T040943-3, 22T006567, 20T006607, 20T014910, 20T041382, 22T011382, 20T047725, 22T002039, 20T038320, 20T015946, 20T030552, 22T006085, 20T009553, 21T032790-3, 19T025210, 21T023636, 21T000548, 20T002971, 21T033800, 20T005825, 21T040867, 21T005998, 20T015185, 20T019174, 20T038398, 22T013598, 21T053082, 19T016382, 19T060517, 20T020579, 19T030502, 20T019015, 20T032100-2, 20T047066, 20T011967, 20T014645, 19T056717, 20T020099, 20T020516, 20T014091, 20T025294, 20T033833, 20T048309, 21T025148, 19T012042, 19T033892, 21T049346, 20T030560, 21T011385, 19T043366, 20T040582, 20T046842, 22T039782, 19T002177, 20T015552, 20T047354, 20T045203
0	50	ddb297590996f9c3efbec6a2478d969d	48	28	20	0	27	19	2	28	20	0	28	19	1	27	20	1	25	23	0	27	20	1	28	20	0	28	19	1	28	20	0	28	20	0	27	21	0	25	20	3	28	20	0	28	20	0	28	20	0	28	18	2	30	18	0	28	20	0	26	21	1	28	20	0	72	34	38	0	32	40	0	33	38	1	34	36	2	34	38	0	35	37	0	34	38	0	34	38	0	34	35	3	34	38	0	34	38	0	35	34	3	34	38	0	34	38	0	34	36	2	34	38	0	34	37	1	34	38	0	34	36	2	39	32	1	34	36	2	22T018755, 19T001349, 19T017024, 19T050342, 21T035686, 20T032100-1, 19T021319, 20T006607, 19T012459, 20T024782, 20T042961, 20T047725, 21T054929, 20T038320, 20T030552, 21T030916, 21T000073, 21T040867, 21T005998, 20T019174, 20T015185, 21T001658, 20T006574, 19T016382, 20T020579, 19T030502, 20T008805, 20T019015, 20T032100-2, 20T040943-1, 20T040943-2, 20T047066, 20T014645, 19T056717, 21T015384, 20T020099, 20T020516, 20T025294, 21T025148, 19T033892, 21T005802, 20T045205, 20T030560, 21T000609, 21T011385, 20T040582, 21T042696, 20T045203	19T030885, 20T052564, 20T046947, 20T038340, 22T011382, 21T033945, 19T012037, 20T045798, 21T001178, 21T039775, 20T002118, 21T038239, 20T034499, 19T006039, 22T002039, 20T040943-3, 22T006567, 22T007830, 20T048225, 20T014910, 20T041382, 20T033414, 20T020309, 21T033785, 20T047354-2, 22T011583, 20T015946, 22T006085, 20T009553, 21T032790-3, 19T054871, 19T025210, 20T017247, 21T023636, 21T000548, 20T007640-colon, 20T002971, 20T005825, 20T029274, 21T033800, 20T020784, 22T013598, 20T038398, 21T031758, 19T038522, 21T053082, 19T060517, 21T048937, 20T005496, 20T011967, 21T011794, 20T048309, 22T000352, 20T014091, 20T033833, 20T007640-ureter, 19T012042, 19T041708, 20T012085, 20T046062, 21T049346, 20T008086, 22T008179, 19T043366, 21T054446, 20T018414, 20T046842, 22T039782, 19T002177, 20T015552, 20T047354, 21T012605
0	51	fc9900c0a52a50d7b412fd88246bd199	48	22	26	0	22	26	0	21	26	1	22	23	3	22	26	0	23	25	0	22	26	0	22	26	0	22	23	3	22	26	0	22	26	0	23	22	3	21	26	1	22	26	0	22	25	1	22	26	0	22	25	1	24	24	0	22	25	1	24	23	1	22	25	1	72	40	32	0	37	33	2	40	32	0	40	32	0	39	32	1	37	35	0	39	32	1	40	32	0	40	31	1	40	32	0	40	32	0	39	33	0	38	32	2	40	32	0	40	31	1	40	32	0	40	30	2	40	32	0	40	31	1	41	30	1	40	31	1	20T052564, 19T050342, 21T035686, 20T002118, 22T006567, 22T007830, 20T014910, 19T012459, 20T024782, 20T047725, 21T054929, 20T038320, 22T006085, 21T032790-3, 19T054871, 19T025210, 20T017247, 21T023636, 20T002971, 21T033800, 20T005825, 21T040867, 20T015185, 21T001658, 20T038398, 21T031758, 20T006574, 21T053082, 19T016382, 20T020579, 21T048937, 20T008805, 20T040943-2, 20T040943-1, 20T011967, 20T020099, 20T048309, 20T025294, 21T025148, 22T000352, 19T012042, 22T008179, 21T000609, 21T054446, 20T040582, 20T018414, 19T002177, 20T045203	19T030885, 22T018755, 19T001349, 19T017024, 20T038340, 20T046947, 19T012037, 20T045798, 21T001178, 21T033945, 21T039775, 21T038239, 20T032100-1, 19T006039, 19T021319, 20T034499, 20T040943-3, 20T048225, 20T006607, 20T041382, 20T042961, 20T033414, 20T020309, 21T033785, 20T047354-2, 22T002039, 22T011382, 22T011583, 20T015946, 20T030552, 20T009553, 21T030916, 21T000073, 21T000548, 20T007640-colon, 20T029274, 21T005998, 20T019174, 20T020784, 22T013598, 19T038522, 19T060517, 19T030502, 20T005496, 20T019015, 20T032100-2, 20T047066, 20T014645, 19T056717, 21T011794, 21T015384, 20T020516, 20T014091, 20T033833, 20T007640-ureter, 19T033892, 19T041708, 20T012085, 20T045205, 20T046062, 20T008086, 20T030560, 21T005802, 21T049346, 21T011385, 19T043366, 20T046842, 21T042696, 22T039782, 20T015552, 20T047354, 21T012605
